,terminal_group_1,terminal_group_2,terminal_group_3,backbone,frac-1,frac-2,COF,MR-mean,MR-min,asphericity-mean,asphericity-min,balabanj-mean,balabanj-min,bertzct-mean,bertzct-min,chainlength,chi0-mean,chi0-min,chi0n-mean,chi0n-min,chi0v-mean,chi0v-min,chi1-mean,chi1-min,chi1n-mean,chi1n-min,chi1v-mean,chi1v-min,chi2n-mean,chi2n-min,chi2v-mean,chi2v-min,chi3n-mean,chi3n-min,chi3v-mean,chi3v-min,chi4n-mean,chi4n-min,chi4v-mean,chi4v-min,e-valence-mean,e-valence-min,eccentricity-mean,eccentricity-min,hbonds,hk-alpha-mean,hk-alpha-min,hk-kappa1-mean,hk-kappa1-min,hk-kappa2-mean,hk-kappa2-min,hk-kappa3-mean,hk-kappa3-min,intercept,ipc-mean,ipc-min,isf-mean,isf-min,labuteASA-mean,labuteASA-min,logP-mean,logP-min,molwt-hvy-mean,molwt-hvy-min,molwt-mean,molwt-min,nheavy-mean,nheavy-min,npr1-mean,npr1-min,npr2-mean,npr2-min,pbf-mean,pbf-min,pmi1-mean,pmi1-min,pmi2-mean,pmi2-min,pmi3-mean,pmi3-min,rbonds-mean,rbonds-min,rg-mean,rg-min,rpc+-mean,rpc+-min,rpc--mean,rpc--min,spherocity-mean,spherocity-min,tpsa-mean,tpsa-min,vsa+-mean,vsa+-min,vsa--mean,vsa--min,vsa-fhyd-mean,vsa-fhyd-min,vsa-fneg-mean,vsa-fneg-min,vsa-fpneg-mean,vsa-fpneg-min,vsa-fpos-mean,vsa-fpos-min,vsa-fppos-mean,vsa-fppos-min,vsa-hyd-mean,vsa-hyd-min,vsa-polar+-mean,vsa-polar+-min,vsa-polar--mean,vsa-polar--min,vsa-polar-mean,vsa-polar-min
8319,perfluoromethyl,isopropyl,methyl,alkylsilane,0.25,0.75,0.14787464486666668,14.832125,11.348,0.17039462030000002,0.00076136,4.59126725,4.020392,101.291158,61.509775,17,8.875,7.0,8.641736625,7.0,1.516736625,1.0,4.1875,3.25,4.070868375,3.25,0.508368375,0.25,0.202844875,0.0,0.202844875,0.0,0.0,0.0,0.0,0.0,0.0,0.0,0.0,0.0,20.75,14.0,0.6110807266,0.28987089,0.0,-0.02625000000000001,-0.05250000000000001,0.3017315,0.0,0.893552875,0.0,3.1664937499999994,0.0,0.5906018782000001,130.3464785,21.306059,0.17265297559999998,0.0394999523,31.450390125,23.534016,1.3325375,1.0262,40.1545,24.022,47.305154375,30.04695,3.125,2.0,0.6481132950999999,0.3400162303,0.8882101596000002,0.7958120723000001,0.4848572651,0.451701461,14.738942968400002,3.206921397,29.6956777848,3.288809623,38.1002574339,3.354107189,0.5,0.0,0.8991357844,0.554056298,0.22322712500000005,0.16666699999999998,0.390533875,0.28106775,0.7579053714,0.5590201018000001,0.0,0.0,11.395178625,8.224551,18.416910375,13.703784,0.974530125,0.94906025,0.613777875,0.60262075,0.0,0.0,0.386222125,0.375065,0.025469875000000003,0.0,29.040051625,21.928335,0.772037375,0.0,0.0,0.0,0.025469875000000003,0.0
8750,phenol,perfluoromethyl,difluoromethyl,alkylsilane,0.25,0.75,0.16124717789999998,14.34285,11.678000000000004,0.3900567392,0.2326816015000001,3.97694525,3.9334985000000002,108.12226649999998,67.01955,17,7.708900999999999,7.0,6.291705375,5.755928999999999,2.166705375,1.755929,3.745428875,3.25,2.915633625,2.627964,0.8646026250000002,0.6279640000000001,0.4673806250000001,0.260411,0.4673806250000001,0.260411,0.07525775,0.0,0.07525775,0.0,0.037628875,0.0,0.037628875,0.0,30.25,26.0,0.9275151129,0.8720762098,0.0,-0.27125000000000005,-0.4025,1.23348375,0.664075,1.5664331250000003,1.27286625,10.545613625,1.86,0.5762173554333333,279.299086875,21.306059,0.0469278109,0.010117238800000001,33.94809125,29.055146,1.4365025000000002,1.2714,73.8995,62.018,78.02824975,66.02810699999999,4.875,4.0,0.3304899214,0.18371650400000009,0.7325020079000001,0.5908560828,0.38731092159999997,0.382592594,35.33917247,10.449085568,69.4629745665,49.742266173000004,99.7725550205,56.899530586000004,0.75,0.5,1.1964294962,1.060817187,0.6069019999999999,0.5535680000000001,0.457581,0.419359,0.6942190193999999,0.6037129167999999,2.52875,0.0,14.466943375,11.884531,17.96730625,15.632722,0.63373975,0.448262,0.536136,0.504166,0.170473375,0.02184375000000001,0.4638640000000001,0.431894,0.195787375,0.15893875,21.7094735,12.334927,5.695760125,4.99002425,5.029016,1.277202,0.36626025,0.1807825
9215,pyrrole,carboxyl,perfluoromethyl,alkylsilane,0.25,0.75,0.15254878626666665,14.046887500000002,11.729,0.3674197582,0.190401295,3.87752675,3.7346615,108.034583375,67.509775,17,7.342515250000001,7.0,5.991534625,5.133893,2.116534625,2.09917625,3.651110375,3.25,2.73271325,2.3169470000000003,0.83621825,0.816947,0.459452625,0.42114625,0.459452625,0.42114625,0.0505635,0.0,0.0505635,0.0,0.024869375000000003,0.0,0.024869375000000003,0.0,29.0,26.0,0.9035309531999999,0.845637517,0.0,-0.39375,-0.5775,1.259989,0.466126,1.241811375,1.148423,13.2538955,1.175841,0.6880273122333334,90.602007375,21.306059,0.053862852200000005,0.010811013000000001,32.932587875,31.815711000000004,0.9837775,0.398955,70.77325,60.5305,74.649497,65.280309,4.75,4.5,0.3792599551,0.22480914120000006,0.6729482305,0.555608112,0.3015439252,0.1193343005,34.9287097436,18.4563015753,50.6047608895,47.695881448,80.85016724180001,65.38449398649999,0.5,0.0,1.1549591544,1.1111413117,0.57155975,0.3930965,0.508480625,0.333333,0.4283678894,0.059147310700000004,15.96125,0.0,18.144888,17.140467,13.2885935,13.171245,0.65487175,0.5135025,0.414457125,0.39438725,0.1450745,0.0,0.585542875,0.565473,0.20005375,0.19634849999999995,21.234262875,18.33311275,5.863338875,5.55037875,4.33587975,0.0,0.34512825,0.203759
1398,cyclopropyl,methoxy,difluoromethyl,alkylsilane,0.5,0.5,0.16759492118333336,13.671749999999998,11.678000000000004,0.43265585100000004,0.318269581,3.71948425,3.4185765,101.959627,67.01955,17,7.9267767499999975,7.0,7.2300265,5.755928999999999,1.7300265,1.7041240000000002,3.80177675,3.25,3.4160440000000003,2.627964,0.666044,0.6279640000000001,0.311971,0.260411,0.311971,0.260411,0.0625,0.0,0.0625,0.0,0.0078125,0.0,0.0078125,0.0,24.0,22.0,0.9324006702000002,0.8818851375,0.0,-0.08,-0.14,0.3874305,0.110786,1.2255555,0.5911109999999999,-5.830000000000001,-13.52,0.6516733389833334,81.12648275,21.306059,0.1078201892,0.083624476,31.20646575,29.055146,1.055425,0.8394499999999999,53.02525,44.0325,58.54016975,51.0522325,3.75,3.5,0.2965652185,0.183916816,0.8372798401999999,0.8006435534999999,0.4345268265,0.382526191,12.4264284255,10.460855947,36.1624122362,22.5943822455,43.5392680707,30.177341760500003,1.25,1.0,0.9969294475,0.933033721,0.34700975,0.1404515,0.57314725,0.495803,0.7213183625,0.658541892,2.3075,0.0,14.2588965,11.884531,15.37350175,15.1142815,0.68033175,0.448262,0.50265525,0.4372045,0.20335075,0.08759849999999998,0.4973447500000001,0.431894,0.116318,0.0,20.8570195,12.334927,3.2007479999999995,0.0,5.57463075,2.3684315,0.31966825,0.08759849999999998
6490,isopropyl,cyano,ethylene,alkylsilane,0.25,0.75,0.121577743,14.732125000000002,13.59325,0.7059921776000001,0.5645449379999999,4.224874,4.050232,111.97890912500002,98.22919425000002,17,7.280015625,6.905330250000001,6.91770525,6.335410499999999,1.54270525,1.5,3.6060269999999996,3.3579950000000003,3.208852625,2.91770525,0.521352625,0.5,0.151301125,0.125,0.151301125,0.125,0.0,0.0,0.0,0.0,0.0,0.0,0.0,0.0,18.25,18.0,0.987312767,0.984331806,0.0,-0.32125000000000004,-0.3825,0.096632375,0.042408999999999995,0.8037500000000001,0.7399999999999999,-4.729621,-6.106154,0.6525434749333333,68.60701825,50.070311,1243.9862560571,0.235563871,28.73203175,28.254708500000003,1.0026425,0.8129850000000001,38.282875,36.033,43.668212125,42.04695,3.125,3.0,0.1225583229,0.06887499080000001,0.8963581709999999,0.8237584720000001,0.06618857460000001,1.8922000000000006e-05,3.9864727874,3.499244941,19.5843258474,16.361156508,22.3412352033,19.860399025,0.5,0.0,0.8218861114,0.8024000097,0.241618125,0.23080799999999999,0.6184667500000001,0.421022,0.0599373221,3.16e-07,8.92125,0.0,12.213245125,8.224552000000001,14.99691525,10.5588275,1.0,1.0,0.522160375,0.34166975000000005,0.0,0.0,0.4778396250000001,0.297349,0.0,0.0,27.210160375,26.76076575,0.0,0.0,0.0,0.0,0.0,0.0
7158,methyl,carboxyl,isopropyl,alkylsilane,0.25,0.75,0.12580096016666667,16.665675,12.81935,0.4359219809000001,0.389903409,4.70767875,3.8726314999999993,125.998575125,86.40368725,17,9.419171375,6.83834275,9.056186375,6.11237275,1.806186375,1.6123727499999998,4.5867675000000006,3.4235349999999998,4.243686375,2.73737275,0.6530929999999999,0.556186,0.295296375,0.21559275,0.295296375,0.21559275,0.0,0.0,0.0,0.0,0.0,0.0,0.0,0.0,23.75,21.5,0.8882108270000001,0.8152467419999999,0.0,-0.19875,-0.3975,0.22622775,0.12,1.5512500000000002,1.1025,0.55125,0.0,0.4195847527333334,172.071278875,32.06204675,0.1099933356,0.049062932000000004,35.046080875,28.208379749999995,0.9935125,0.324725,48.03225,48.0205,55.302917125,52.52758425,3.75,3.5,0.3090502934,0.275451384,0.8912664991,0.8758800590000001,0.3808455525,0.23225819600000006,11.9838399455,6.073433142000001,45.7374242009,34.509333916799996,52.0264677323,39.0296720585,0.5,0.0,1.0953470341,0.9313327062000001,0.235409875,0.123042,0.440201875,0.263646,0.3889211420000001,0.298344971,13.987500000000002,0.0,14.76861425,13.707586,18.651544375,10.853454750000004,0.7704493750000001,0.54089875,0.53881925,0.4189865,0.13137637500000002,0.0,0.46118075,0.341348,0.09817425,0.0,26.931214875,13.70520975,2.775189375,0.0,3.713754375,0.0,0.229550625,0.0
1682,difluoromethyl,nitro,cyclopropyl,alkylsilane,0.5,0.5,0.14080137956666666,15.3481,12.2982,0.3784364005,0.107669877,3.4982449999999994,3.090735,136.90535549999998,76.222736,17,8.2693375,6.5386750000000005,7.62990975,5.2598195,1.87990975,1.7598194999999999,4.048344,3.096688,3.67917975,2.3583595,0.80417975,0.6083594999999999,0.44188025,0.2587605,0.44188025,0.2587605,0.125,0.0,0.125,0.0,0.015625,0.0,0.015625,0.0,24.5,24.0,0.8863561740000001,0.7833539970000002,0.0,-0.185,-0.37,0.84009275,0.148148,0.926111,0.222222,0.8150000000000001,0.0,0.4351990488,136.82709225,19.1961125,0.08886313800000001,0.025785191000000002,33.199576,28.331142,0.999225,0.5821500000000001,54.0305,48.044,59.79242125,56.0626,4.0,4.0,0.3795681805,0.137588248,0.7645596137,0.637791004,0.4086652182000001,0.1912630955,16.0205359735,7.304033422000001,35.4596270282,25.38398518,45.496786674700004,39.799322957,1.0,1.0,1.0306086095,1.027580295,0.3021455,0.144378,0.3994422500000001,0.300983,0.5740994922,0.3920474165,10.785000000000002,0.0,12.45702025,10.966068,19.18261,12.87352,0.7652804999999999,0.530561,0.5884174999999999,0.47762299999999996,0.17656075000000002,0.0,0.41158249999999996,0.300788,0.058159,0.0,25.31546925,14.1731705,1.6003739999999995,0.0,4.7237870000000015,0.0,0.23471950000000005,0.0
8426,perfluoromethyl,phenyl,cyclopropyl,alkylsilane,0.25,0.75,0.14683164676666668,22.357250000000004,18.398,0.17162998699999998,0.107906868,3.4281925,3.090735,248.01776537500004,197.587975,17,10.36153825,10.0,9.954236625,9.90847325,2.579236625,2.0,5.40953475,5.0,4.945868375,4.89173675,1.258368375,1.0,0.7497198749999999,0.625,0.7497198749999999,0.625,0.3125,0.25,0.3125,0.25,0.109375,0.03125,0.109375,0.03125,29.5,24.0,0.8243215176,0.7835129470000001,0.0,-0.31875000000000003,-0.6375000000000001,0.6077171250000001,0.148148,0.8568272499999999,0.222222,3.3848933749999994,0.0,0.5226135775,593.331327,254.458072,0.0164850809,0.007181169800000001,43.64950975,38.06801,1.6523575,1.4163000000000003,65.677875,48.044,73.057110625,56.0626,5.25,4.0,0.5611876311999999,0.5010388025,0.5793648654,0.5212909178,0.37280465090000003,0.12094367580000005,50.809426808599994,24.720121249,52.681110313599994,25.361392070999997,97.2675042616,39.785177048,0.875,0.75,1.2265568499,1.033324218,0.22520162500000004,0.144378,0.25113287500000003,0.20128275,0.4768459645000001,0.19939711700000004,0.0,0.0,11.73786825,10.966068,30.3775445,25.4917,0.974530125,0.94906025,0.702190875,0.6992119999999998,0.0,0.0,0.297809125,0.29483025,0.025469875000000003,0.0,41.343375375,36.457768,0.772037375,0.0,0.0,0.0,0.025469875000000003,0.0
737,carboxyl,difluoromethyl,cyclopropyl,alkylsilane,0.5,0.5,0.15046458626666667,15.445950000000002,12.493900000000002,0.3513310355000001,0.107669877,3.5063100000000005,3.090735,139.2242895,80.86060400000002,17,8.44611425,6.892228499999999,7.893106499999999,5.786213,1.8931065,1.786213,4.182845,3.3656899999999994,3.79861525,2.5972305,0.8215530000000001,0.6431060000000001,0.449467,0.273934,0.449467,0.273934,0.125,0.0,0.125,0.0,0.015625,0.0,0.015625,0.0,24.5,24.0,0.8850079025,0.7833539970000002,0.0,-0.1675,-0.335,0.35091125,0.148148,0.9436110000000001,0.222222,0.8325,0.0,0.5258410081,141.46739475,28.4767175,0.06534933450000001,0.025785191000000002,33.73941675,29.41082350000001,1.048725,0.68115,53.5315,48.044,59.543609,56.0626,4.0,4.0,0.3912178450000001,0.160887577,0.7579236232000001,0.637791004,0.4484389208,0.2708105005,16.7383634468,8.7396883685,36.362313146700004,25.38398518,46.862194100299995,39.799322957,1.0,1.0,1.0463636363,1.033636924,0.312618,0.144378,0.4383614999999999,0.300983,0.5937436582,0.4313357485,9.325,0.0,13.045335,10.966068,19.12986675,12.7680335,0.70903175,0.4180635,0.5792167500000001,0.4592215,0.16736000000000004,0.0,0.42078325,0.300788,0.1236085,0.0,24.05365775,11.649547500000002,3.45050025,0.0,4.67104375,0.0,0.29096825,0.0
2022,ethylene,pyrrole,perfluoromethyl,alkylsilane,0.5,0.5,0.14536233558333336,16.214675,11.729,0.2992535798,0.190442224,3.977203,3.934014,142.72019175,67.509775,17,8.010363,7.0,6.92875,5.133893,2.17875,2.133893,4.0297005,3.25,3.25708025,2.3169470000000003,0.895277,0.816947,0.485683,0.4736070000000001,0.485683,0.4736070000000001,0.101127,0.0,0.101127,0.0,0.04973875,0.0,0.04973875,0.0,28.5,25.0,0.8876024418,0.845755932,0.0,-0.35000000000000003,-0.49,1.17119875,0.2885455,0.99191125,0.8353995000000001,11.2127775,-2.9063950000000003,0.6175850276500001,156.333031,21.306059,0.0668908258,0.010815846999999998,34.93478325,31.815711000000004,1.413155,1.25771,68.03175,55.04749999999999,72.78554225,61.5523995,4.75,4.5,0.43196808299999995,0.330411874,0.6126659648,0.555743801,0.241859368,7.875e-06,39.7550988653,28.119164192500005,44.86279731530001,36.1911190625,80.32025837479999,64.3102832275,0.5,0.0,1.1281061401999999,1.0573601585,0.519699,0.289375,0.4637925,0.333333,0.3986297465,5.000000000000001e-09,3.9475,0.0,16.00217575,14.8638845,17.4228065,13.171245,0.87072425,0.7962409999999999,0.52456075,0.43452700000000005,0.02739625,0.0,0.47543925,0.3854054999999999,0.1018795,0.0,29.092582000000004,24.135413,3.0881495,0.0,1.24425075,0.0,0.12927575,0.0547925
5833,fluorophenyl,cyclopropyl,perfluoromethyl,alkylsilane,0.25,0.75,0.14035095293333333,16.655875,11.729,0.1812310109,0.17206072679999998,3.629313625,3.23823525,155.322294625,67.509775,17,8.74551275,7.0,7.676692,5.133893,2.301692,2.133893,4.33442825,3.25,3.71334625,2.3169470000000003,1.02584625,0.816947,0.6318772500000001,0.497759,0.6318772500000001,0.497759,0.16806137500000004,0.0,0.16806137500000004,0.0,0.0488745,0.0,0.0488745,0.0,30.25,28.5,0.8356881181999999,0.8257387195,0.0,-0.21125,-0.2125,1.24648375,0.4391155,0.874415625,0.60040825,12.790922125,0.24989425,0.7181983304999999,260.554484375,21.306059,0.0160772886,0.010811013000000001,37.4079435,31.815711000000004,1.5821775,1.5686,71.408875,61.80175,76.78946475,69.5602445,5.0,5.0,0.5379472254000001,0.533710769,0.6037529425,0.555608112,0.4761272085000001,0.4685008670000001,45.8290405866,40.2569632612,61.0462066289,53.513640331000005,98.71466223799999,96.31584049700001,0.5,0.0,1.2021804701,1.198776997,0.4623107500000001,0.1745985,0.33546425,0.333333,0.6816547884999999,0.5657211089999999,0.0,0.0,14.609075374999998,12.07768375,21.26693925,13.171245,0.8883878749999999,0.7962409999999999,0.57030175,0.43452700000000005,0.009732625,0.0,0.42969825,0.2939235,0.1018795,0.0,32.23906325,24.135413,3.0881495,0.0,0.548801875,0.0,0.111612125,0.01946525
7524,nitro,cyano,perfluoromethyl,alkylsilane,0.25,0.75,0.12433464826666668,11.711925,11.69485,0.5640983708,0.190401295,3.816361,3.612330000000001,72.84854200000002,67.509775,17,6.212333875,5.42466775,4.8301155,4.526338,1.8301155,1.526338,2.9531695,2.656339,2.1596705000000003,2.002394,0.6596704999999999,0.502394,0.322944375,0.14812975,0.322944375,0.14812975,0.0,0.0,0.0,0.0,0.0,0.0,0.0,0.0,25.0,18.0,0.9222940715,0.845637517,0.0,-0.37125,-0.5325,1.3873538749999998,0.72085575,0.9329615,0.7174999999999999,11.164431,-3.003088,0.5765852350333334,17.350599125,13.39513925,1243.8952670044,0.010811013000000001,28.25062925,24.6855475,0.9696174999999999,0.370635,62.020875,43.02575,65.021345625,46.02400624999999,4.125,3.25,0.27826992910000004,0.0228290892,0.7663895114,0.555608112,0.241876775,0.0,26.218976537,1.036835162,36.2057491591,18.897857987200002,58.125266835,19.934693173,0.125,0.0,0.9674419798,0.7361069625000001,0.531627625,0.31323225,0.6041664999999999,0.333333,0.3987942340000001,0.0,14.31375,0.0,16.959181125,16.77789525,9.82312175,6.474998500000001,0.8497279999999999,0.7962409999999999,0.354159375,0.27379175,0.0483925,0.0,0.6458406250000001,0.565473,0.1018795,0.0,22.429863625,20.72431425,3.0881495,0.0,1.26428975,0.0,0.150272,0.096785
4476,cyano,ethylene,ethylene,alkylsilane,0.25,0.75,0.11834233436666668,15.298,14.725,0.6189707482,0.5645449379999999,4.29366825,4.1878205,119.48435075000002,113.24007749999998,17,7.348751750000001,7.0428025,7.11840175,6.7368035000000015,1.49340175,1.4868035,3.692384125,3.53070925,3.309200875,3.11840175,0.496700875,0.49340175,0.123350375,0.12170074999999995,0.123350375,0.12170074999999995,0.0,0.0,0.0,0.0,0.0,0.0,0.0,0.0,17.75,17.5,0.9862903302,0.984331806,0.0,-0.29125,-0.3225,0.0572505,0.042408999999999995,0.7087500000000001,0.6774999999999999,-5.90173275,-6.106154,0.6631038014666667,45.33212175,40.5939325,414.82689880550004,0.235563871,28.522146124999995,27.83493725,1.1094975,1.026695,36.2825,36.033,41.919399875,41.79184975,3.0,3.0,0.1542134722,0.1321852895,0.8457866389,0.8237584720000001,1.65568e-05,1.4191500000000001e-05,3.0618624811,2.6244800212,15.743698038800002,15.126239569500001,18.8055584019,17.750717778800002,0.875,0.75,0.8174606312,0.7935490495,0.238901625,0.23080799999999999,0.49339425,0.421022,2.765e-07,2.37e-07,2.9737500000000003,0.0,9.325656625,8.224552000000001,17.663364125,15.89172525,1.0,1.0,0.64432075,0.5859905,0.0,0.0,0.35567924999999995,0.297349,0.0,0.0,26.98902075,26.318486499999995,0.0,0.0,0.0,0.0,0.0,0.0
3469,acetyl,fluorophenyl,ethylene,alkylsilane,0.25,0.75,0.11404902106666664,21.65625,15.871,0.48983166380000004,0.4151183895000001,4.129907875,3.8602997500000007,220.78660750000003,125.728624,17,9.3860575,7.654700999999998,8.8177675,7.5,2.4427675,1.5,4.949651875,3.854059,4.25263375,3.5,1.06513375,0.5,0.54950875,0.125,0.54950875,0.125,0.222934125,0.0,0.222934125,0.0,0.11146725,0.0,0.11146725,0.0,27.75,18.0,0.9724083014,0.9604847968,0.0,-0.49,-0.7200000000000001,0.5421638750000001,0.042408999999999995,1.229362625,0.7399999999999999,-2.469485625,-6.106154,0.8118434888666668,496.42166512500006,50.070311,0.1326743023,0.029784733500000007,40.53599025,29.209355,1.4708575000000002,1.1923,63.173625,36.033,69.548649875,42.04695,5.0,3.0,0.2241432422,0.17624165500000002,0.7835874881999999,0.7434165045000002,0.0366774451,1.8922000000000006e-05,35.4945035069,3.499244941,88.4906938258,16.361156508,123.5693011804,19.860399025,1.125,1.0,1.2068479406,0.8413722130000001,0.26542112500000004,0.23080799999999999,0.498525125,0.421022,0.045641594900000006,3.16e-07,2.13375,0.0,11.642949625,8.224552000000001,27.395579375,19.435003,0.952365125,0.90473025,0.69496075,0.6872705,0.047634875,0.0,0.30503925,0.297349,0.0,0.0,36.79280625,27.659555,0.0,0.0,2.24572275,0.0,0.047634875,0.0
3122,nitrophenyl,pyrrole,ethylene,alkylsilane,0.5,0.5,0.12495160648333335,23.776275,15.871,0.4596385435,0.3538840380000001,4.01014575,3.6207754999999993,257.1402555,125.728624,17,9.80940125,7.654700999999998,9.177731,7.5,2.677731,1.5,5.26474275,3.854059,4.4332955,3.5,1.19649225,0.5,0.63823275,0.125,0.63823275,0.125,0.29972150000000003,0.0,0.29972150000000003,0.0,0.149036,0.0,0.149036,0.0,30.0,18.0,0.953682218,0.92295426,0.0,-0.655,-1.05,0.6790692500000001,0.042408999999999995,1.16753325,0.7399999999999999,-2.666528,-6.106154,0.9657230015333332,879.94439625,50.070311,0.1220411035,0.007915853,43.400295,29.209355,1.4027349999999998,1.1923,69.0525,36.033,75.54985675,42.04695,5.5,3.0,0.2684896832,0.175804638,0.7315103192,0.6388252715,8.6292e-06,7.6075e-06,46.3677481,3.492125607,123.2204562467,16.377051061,169.5882042982,19.869176611,1.25,1.0,1.2577158323,0.8415587529999999,0.29682000000000003,0.23080799999999999,0.493079,0.421022,5.000000000000001e-09,0.0,14.7325,0.0,17.56079125,8.224552000000001,24.3495595,19.435003,0.91355875,0.8271175,0.61230125,0.5219515,0.06518975,0.0,0.38769875,0.297349,0.0212515,0.0,36.715674,27.659555,1.4218465,0.0,3.77283025,0.0,0.08644124999999997,0.0
1411,cyclopropyl,methoxy,toluene,alkylsilane,0.5,0.5,0.15691394977499998,25.79075,15.6655,0.3351099655,0.318269581,3.6020552500000003,3.4185765,271.50829,136.899704,17,11.65882775,8.8535535,11.352062,8.704124,2.852062,1.7041240000000002,6.12015225,4.3535535,5.602062,4.204124,1.352062,0.704124,0.8067654999999999,0.363531,0.8067654999999999,0.363531,0.375,0.125,0.375,0.125,0.1640625,0.015625,0.1640625,0.015625,32.0,22.0,0.9158431008,0.8818851375000001,0.0,-0.4,-0.78,0.47447799999999996,0.110786,1.1871985,0.5911109999999999,-6.240868,-13.52,0.9732261121,1907.04614075,140.94690649999995,0.0699534258,0.007890949000000001,48.78438875,33.3577855,1.571445,0.83945,70.06025,44.0325,78.56524125,51.0522325,5.75,3.5,0.361011345,0.312809069,0.7497208728,0.698798192,0.3122332725,0.13793908300000002,51.485498628,14.392000904000001,110.24575818870001,22.5943822455,156.6832310128,30.177341760500003,1.75,1.5,1.345614891,0.933033721,0.14505325,0.1404515,0.39589025,0.141289,0.360386905,0.062231918,2.3075,0.0,15.170423499999998,13.707585,32.05732175,15.1142815,0.95620075,0.9124015,0.60930525,0.4372045,0.04379925,0.0,0.39069475,0.218594,0.0,0.0,46.0435295,29.379112,0.0,0.0,1.18421575,0.0,0.04379925,0.0
3683,acetyl,toluene,methyl,alkylsilane,0.25,0.75,0.15305534269999999,21.186875,11.348,0.20322216699999998,0.00076136,3.979645125,3.93889825,198.555262,61.509775,17,9.996207,7.0,9.738531,7.0,2.238531,1.0,5.10186925,3.25,4.7130155,3.25,0.9630155,0.25,0.5098905,0.0,0.5098905,0.0,0.234375,0.0,0.234375,0.0,0.1171875,0.0,0.1171875,0.0,25.75,14.0,0.624195904,0.28987089,0.0,-0.33375000000000005,-0.6675,0.343266375,0.0,0.87748225,0.0,0.5980989999999999,0.0,0.9577297764666666,1396.0300211250005,21.306059,0.16775217039999998,0.0296983417,40.10369,23.534016,1.4513025,1.0262,54.548,24.022,62.058051875,30.04695,4.5,2.0,0.6171620047999999,0.2781136495,0.8633364842,0.7460647215000001,0.3141734935,0.17664552600000002,35.9857757593,3.206921397,81.8195227746,3.288809623,114.5845123722,3.354107189,1.5,1.0,1.0765808457,0.554056298,0.18999875,0.16666699999999998,0.4232101250000001,0.34642025,0.5474071515,0.13802366200000002,2.13375,0.0,11.003594375,8.224551,27.539317875000005,13.703784,0.981563,0.963126,0.67662875,0.624935,0.018437,0.0,0.32337125,0.2716775,0.0,0.0,37.943595125,21.928335,0.0,0.0,0.599317125,0.0,0.018437,0.0
258,acetyl,perfluoromethyl,cyano,alkylsilane,0.5,0.5,0.11972597078333333,12.6645,11.287,0.6892573215000001,0.37856377,3.88121275,3.5527339999999996,85.77775475,75.774438,17,6.497891,5.207107,5.48414225,4.447214,1.73414225,1.447214,3.13150525,2.56066,2.49207125,1.973607,0.61707125,0.47360699999999994,0.26262225,0.111803,0.26262225,0.111803,0.0,0.0,0.0,0.0,0.0,0.0,0.0,0.0,22.0,16.0,0.9576073578000001,0.9152147155,0.0,-0.39,-0.51,0.65193875,0.161141,0.94960575,0.49,4.5150955,-4.470784,0.9802405825333332,27.30386525,12.164797,1640.9923513093,0.052915971500000006,28.32488975,23.711684,0.8059149999999999,0.52988,52.2765,38.029,56.028412,41.026549,3.75,3.0,0.176916761,1.6376e-05,0.8608687962999999,0.7217539685000001,0.1942690468,0.0,15.188970148,0.00018712099999999997,31.038901985,11.412437724,43.246682059799994,11.412624869000002,0.5,0.0,0.9052121172,0.649821689,0.43637349999999997,0.295557,0.82378675,0.6475734999999999,0.2906597482,0.0,16.1625,8.535,16.30376025,15.5741315,10.5483375,5.261892,0.91218625,0.8243725000000001,0.36890425,0.236009,0.036874,0.0,0.6310957500000001,0.4982005,0.05093975,0.0,24.10938875,22.295281,1.54407475,0.0,1.19863425,0.0,0.08781374999999997,0.0
9505,toluene,acetyl,acetyl,alkylsilane,0.25,0.75,0.14101167266666667,18.800125,16.355,0.5400360365,0.513165424,4.322308875,4.24562675,159.3104315,124.052368,17,9.313194,8.57735,8.669717,7.908247999999999,2.169717,1.908248,4.62120725,4.154701,4.1161085,3.704124,0.8661084999999998,0.7041239999999999,0.4442335,0.32912399999999997,0.4442335,0.32912399999999997,0.078125,0.0,0.078125,0.0,0.0390625,0.0,0.0390625,0.0,26.25,24.0,0.980329383,0.97596769,0.0,-0.38625,-0.4425000000000001,0.307439625,0.231621,1.68416075,1.67,1.591033,1.512066,0.9234948798999999,514.775503875,63.57980799999999,0.08421396610000002,0.0733108412,37.829294,34.06048,0.8088175,0.5953,57.53900000000001,52.032,64.046413125,58.041865,4.5,4.0,0.1913550058,0.17400327700000004,0.8642125026999999,0.8405829465000001,0.27387767350000003,0.254431244,19.2579220178,9.356580397,66.54852106439999,47.788178091999995,82.4838187818,53.817599027,2.0,2.0,1.2016886623,1.1222053159999998,0.37251925,0.3406814999999999,0.8592483750000001,0.7566827500000001,0.3272801895,0.289428884,14.93625,12.8025,13.970269625,13.93274325,22.311076125,18.498321,0.8709409999999999,0.852504,0.59561375,0.569072,0.12905899999999998,0.110622,0.40438625,0.3778445,0.0,0.0,32.086125875,27.71158,0.0,0.0,4.195219875,3.59590275,0.12905899999999998,0.110622
6450,isopropyl,amino,cyclopropyl,alkylsilane,0.25,0.75,0.16399375423333334,15.554775,12.71155,0.1519066984,0.107906868,3.566157125,3.090735,139.58969,81.59140500000002,17,8.77900625,7.5580125,8.730205250000001,7.460410499999999,1.60520525,1.2104105,4.322516,3.645032,4.20051275,3.4010255,0.677602625,0.35520525000000003,0.359375,0.09375,0.359375,0.09375,0.125,0.0,0.125,0.0,0.015625,0.0,0.015625,0.0,20.5,17.0,0.8150989052000001,0.7835129470000001,0.0,-0.015,-0.03,0.089139625,0.03013125,-9.778889,-19.78,-39.015,-78.03,0.7832489605666667,172.646412125,90.83475225,0.1531756441,0.025788992,32.227017875,26.38602575,0.756525,0.09675,39.78425,31.5245,46.93190587500001,37.80121175,3.25,2.5,0.5656326961,0.5099289322,0.6595020304,0.6374388129999999,0.4272212534000001,0.2297768808,15.2434801555,5.766839062000001,20.4795952179,15.597798364800001,29.1204908344,18.4558046208,0.875,0.75,0.8374703064999999,0.641616395,0.213108375,0.144378,0.537716125,0.300983,0.4710568428000001,0.1878188735,9.7575,0.0,9.79746725,8.628866499999999,20.81288325,16.1340665,0.8907422500000001,0.7814844999999999,0.6744470000000001,0.649682,0.10925775,0.0,0.32555300000000004,0.300788,0.0,0.0,28.465456625,20.47314525,0.0,0.0,2.144893875,0.0,0.10925775,0.0
1191,cyano,nitrophenyl,perfluoromethyl,alkylsilane,0.5,0.5,0.14169836275,18.1446,11.729,0.4594666438,0.190442224,3.84163925,3.6628865,169.44129225,67.509775,17,8.18713975,7.0,6.619677499999999,5.133893,2.6196775000000003,2.133893,4.1616925,3.25,3.111564,2.3169470000000003,1.111564,0.816947,0.6470095,0.497759,0.6470095,0.497759,0.1985945,0.0,0.1985945,0.0,0.09929725,0.0,0.09929725,0.0,33.0,32.0,0.9157331642000001,0.8457559320000001,0.0,-0.5775,-0.945,1.5914055,1.128959,1.261545,1.148423,11.861487,-1.608976,0.9950267026749999,735.44104575,21.306059,820.4898711980002,0.010815847,38.906805,31.815711,1.392575,1.21655,82.53575,81.016,86.52789925,84.01868499999998,5.75,5.0,0.3260988268,0.1186733615,0.7185352198,0.555743801,0.2418577095,4.558e-06,57.1306981513,51.391033538,130.6509811652,53.53447556800001,183.48404151,96.33023352200001,0.5,0.0,1.280527548,1.198852122,0.54333125,0.3366395,0.5073639999999999,0.333333,0.398629744,0.0,16.7325,0.0,20.90129175,17.140467,16.55472025,13.171245,0.8390755,0.796241,0.405607,0.376687,0.0377935,0.0,0.5943930000000001,0.565473,0.12313099999999999,0.042503,30.4174365,24.135413,4.509996,2.843693,2.5285795,0.0,0.1609245,0.11809000000000001
2498,isopropyl,methyl,fluorophenyl,alkylsilane,0.5,0.5,0.1273704419,23.5335,15.93,0.2803092948,0.1961967245,4.2311475,3.680736,246.6634755,113.551619,17,10.732051,9.5,10.188982,9.5,2.6889819999999998,1.5,5.587713,4.5,4.9694910000000005,4.5,1.219491,0.5,0.688241,0.1875,0.688241,0.1875,0.2972455,0.0,0.2972455,0.0,0.148623,0.0,0.148623,0.0,31.0,20.0,0.789103852,0.6258167990000001,0.0,-0.425,-0.85,0.686009,0.06,1.3674834999999999,1.0,0.4997885,0.0,0.9737264175,701.265354,166.693285,0.0926992832,0.008005090999999999,45.2527865,32.708899,1.7391849999999998,1.34425,69.554,36.033,77.057889,44.0626,5.5,3.0,0.460008685,0.304806836,0.8118760718000001,0.6951931640000001,0.2446262692,6.777000000000001e-06,48.7020288338,10.5245669395,114.1839700367,30.1869848575,159.6413692052,34.2222924725,0.75,0.5,1.3146660545,0.9070835690000001,0.20505725,0.1448545,0.414628,0.381823,0.3588096128,0.0,0.0,0.0,13.18929975,10.9660685,30.526071500000004,20.076709,0.9610695,0.9221389999999999,0.68423175,0.6417935,0.0389305,0.0,0.31576825000000003,0.27333,0.0,0.0,41.52016375,31.042777500000003,0.0,0.0,2.1952075,0.0,0.0389305,0.0
298,acetyl,phenyl,difluoromethyl,alkylsilane,0.5,0.5,0.13088330909999998,17.7225,11.678000000000004,0.4777754322,0.4085087435,4.03012775,4.020392,158.379571,67.01955,17,8.635363,7.0,7.7300265,5.755928999999999,2.2300265,1.755929,4.33253175,3.25,3.677513,2.627964,0.9275129999999999,0.6279640000000001,0.46248649999999997,0.260411,0.46248649999999997,0.260411,0.125,0.0,0.125,0.0,0.0625,0.0,0.0625,0.0,28.0,26.0,0.9555148565,0.92811351,0.0,-0.3475,-0.555,0.5745505,0.485026,1.74894225,1.6378845,1.49309975,1.1261995,0.8846756377666667,335.50733725,21.306059,0.06705810820000001,0.0504917405,36.80172025,29.055146,1.28328,1.2714,65.03625,62.018,70.54016975,66.02810699999999,4.75,4.0,0.2580555578,0.183916816,0.7863294478,0.6987427685000002,0.2646061578,0.1466861245,28.9295217745,10.460855947,59.0189842275,49.730442227,85.4710829175,56.901194381,1.25,1.0,1.184390424,1.060825174,0.41737975,0.2811915,0.5276715,0.495803,0.4833922928,0.1826897525,4.2675,0.0,12.18573175,11.884531,23.0978005,15.632722,0.6872570000000001,0.448262,0.6251669999999999,0.568106,0.1964255,0.07374800000000001,0.37483299999999997,0.317772,0.116318,0.0,26.493735,12.334927,3.2007479999999995,0.0,5.58904925,2.3972685,0.312743,0.07374800000000001
8322,perfluoromethyl,isopropyl,perfluoromethyl,alkylsilane,0.25,0.75,0.15186006350000006,15.022625,11.729,0.2652145878,0.190401295,4.59126725,4.020392,104.291158,67.509775,17,8.875,7.0,7.708683125,5.133893,2.083683125,2.03347325,4.1875,3.25,3.6043418750000007,2.3169470000000003,0.7918418749999999,0.7667367500000001,0.451724375,0.40568975,0.451724375,0.40568975,0.0,0.0,0.0,0.0,0.0,0.0,0.0,0.0,29.75,27.5,0.8889640401000001,0.845637517,0.0,-0.13125,-0.21,1.3286575,0.603463,1.467764375,1.148423,15.83246875,6.332987499999999,0.8239744334333333,130.3464785,21.306059,0.0251554826,0.010811013000000001,35.591237625,31.815711000000004,1.6037375,1.5686,68.6515,56.287,74.291021875,64.56335875,4.625,4.25,0.4368634996,0.3400162303,0.6757100920999999,0.555608112,0.5008833096,0.48375355,38.836041225900004,26.2709645397,54.808093138800004,53.513640331000005,84.5811240879,72.8464076788,0.0,0.0,1.2214961339000001,1.198776997,0.5149051250000001,0.27978725,0.307200375,0.28106775,0.6783042848999999,0.5590201018000001,0.0,0.0,15.853136625,14.56580625,18.150640875,13.171245,0.872650625,0.7962409999999999,0.5185738750000001,0.43452700000000005,0.0,0.0,0.481426125,0.39737925,0.127349375,0.05093975,30.143590625,24.135413,3.860186875,1.54407475,0.0,0.0,0.127349375,0.05093975
2471,isopropyl,isopropyl,pyrrole,alkylsilane,0.5,0.5,0.13095724264,23.02085,20.512,0.32118033100000004,0.250736822,4.505619,3.4685120000000005,237.86302799999999,165.593463,17,11.1933755,10.386751,10.973607,9.947214,2.473607,2.0,5.7573715,5.75,5.3222135,4.8944269999999985,1.098607,0.75,0.598607,0.375,0.598607,0.375,0.202254,0.0,0.202254,0.0,0.0994775,0.0,0.0994775,0.0,29.0,26.0,0.9179881865,0.8744877270000002,0.0,-0.36,-0.72,0.327341,0.12,1.4653995000000002,0.930799,0.146682,0.0,0.7972642136600001,422.365103,312.080511,0.029516358000000006,0.009765255,44.391069,41.883782,1.49271,1.32312,61.053,48.044,69.5680495,58.07825,5.0,4.0,0.379683695,0.27434828,0.69590344,0.51498089,0.264431279,6.099e-06,35.2932092555,17.840215733,56.544449559499995,56.005187064,86.91964710799999,65.087904372,0.5,0.0,1.266551544,1.259941524,0.235492,0.12304200000000001,0.515564,0.263646,0.2393797530000001,0.0,7.894999999999999,0.0,17.605401500000006,13.707585999999996,25.1816835,23.913733,0.9452075000000001,0.890415,0.592595,0.5265380000000001,0.0547925,0.0,0.407405,0.341348,0.0,0.0,40.2985835,40.15722,0.0,0.0,2.4885015,0.0,0.0547925,0.0
8259,perfluoromethyl,ethylene,hydroxyl,alkylsilane,0.25,0.75,0.1389676786,11.48915,8.1428,0.41718998960000003,0.3633709520000001,3.7366125,3.1684900000000003,74.238440375,37.302969,17,6.349066375,5.207107,5.908360625,4.908248,1.283360625,0.9082479999999999,3.131852125,2.56066,2.658304375,2.112372,0.391680375,0.204124,0.109094875,0.0,0.109094875,0.0,0.0,0.0,0.0,0.0,0.0,0.0,0.0,0.0,17.75,14.0,0.9506620914,0.9496582338,0.0,-0.14375000000000002,-0.24750000000000005,0.27283487500000003,0.0004,-13.098947125,-27.04000000000001,-51.143314,-104.04,0.8163133583333333,27.5220225,12.164797,0.6871651667000002,0.17937565649999998,24.5504905,19.240037,0.4474375,-0.3915,37.644375,28.01,42.283049375,32.026215,2.75,2.0,0.2860571002,0.26560893350000003,0.7251078075,0.6934947330000001,0.0604762895,0.0,8.0291373189,0.583561454,13.4848000859,1.320322708,20.4390717785,1.903884164,0.875,0.75,0.6279052940000001,0.325087179,0.442585375,0.3606117500000001,0.6995498750000001,0.39909975,0.099698677,0.0,10.115,0.0,11.517479375,10.45353075,11.48893575,5.108808,0.789682125,0.630304,0.46220649999999996,0.28879299999999997,0.14439649999999998,0.0,0.5377934999999999,0.36438,0.065921375,0.05093975,18.96437375,11.150228,1.487637375,1.4311999999999998,2.554404,0.0,0.210317875,0.05093975
2241,fluorophenyl,pyrrole,perfluoromethyl,alkylsilane,0.5,0.5,0.14202296715833335,20.031175,11.729,0.2490107838,0.190442224,3.797508,3.574624,206.23186875,67.509775,17,9.08771325,7.0,7.773241,5.133893,2.773241,2.133893,4.73504225,3.25,3.74182575,2.3169470000000003,1.2550225,0.816947,0.7516784999999999,0.497759,0.7516784999999999,0.497759,0.24974975,0.0,0.24974975,0.0,0.12405025,0.0,0.12405025,0.0,34.5,32.0,0.8795976240000001,0.8457559320000001,0.0,-0.4975,-0.785,1.488601,0.92335,1.240653,1.148423,12.98921025,0.6464705,1.0913558754083337,452.774809,21.306059,0.00985051,0.008885173000000001,42.081613,31.815711,1.64861,1.5686,84.79225,81.016,89.78709925,84.01868499999998,6.0,5.0,0.4642186325,0.394912973,0.5804154140000001,0.555743801,0.2418586495,6.4379999999999975e-06,60.6019401455,51.391033538,90.31377335399999,53.53447556800001,146.6180757065,96.33023352200001,0.5,0.0,1.3482785869999998,1.198852122,0.528312,0.306601,0.47039525,0.333333,0.398629744,0.0,3.9475,0.0,17.7991705,17.140467,22.80791425,13.171245,0.851259,0.796241,0.5305655,0.43452700000000005,0.0468615,0.0,0.4694345,0.373396,0.1018795,0.0,35.17708075,24.135413,3.0881495,0.0,2.3418545,0.0,0.14874099999999998,0.093723
896,carboxyl,nitrophenyl,methyl,alkylsilane,0.5,0.5,0.13835697370833333,18.4598,11.348,0.27537818480000004,0.0007696090000000001,3.90930025,3.7982085,171.17309725,61.509775,17,8.58147725,7.0,7.89505175,7.0,2.14505175,1.0,4.3918725,3.25,3.7263129999999998,3.25,0.87425075,0.25,0.4420435,0.0,0.4420435,0.0,0.1985945,0.0,0.1985945,0.0,0.09929725,0.0,0.09929725,0.0,26.0,14.0,0.6355295275,0.290144952,0.0,-0.4775,-0.955,0.63501275,0.0,0.9323334999999999,0.0,0.680708,0.0,1.1926827974166665,741.3116905,21.306059,0.18582697780000001,0.0661344655,36.27966175,23.534016,1.01163,0.99706,58.5365,24.022,64.29067675,30.04695,4.5,2.0,0.5718335652000001,0.1875943425,0.9013624872,0.8224330055,0.2645935135,0.079551963,34.7942238725,3.2089181460000002,113.91347278030001,3.29025766,146.8813428448,3.3566805730000002,1.25,1.0,1.0600977525,0.554225614,0.279801,0.16666699999999998,0.5046167500000001,0.5,0.4978836385,0.039288332,20.11,0.0,16.77615475,8.224551,17.981353,13.703784,0.78792125,0.5758424999999999,0.529393,0.433851,0.12537775,0.0,0.470607,0.375065,0.086701,0.0,26.48111925,21.928335,3.27197275,0.0,5.00441575,0.0,0.21207875,0.0
1035,cyano,difluoromethyl,methoxy,alkylsilane,0.5,0.5,0.1495949033833333,12.20775,11.4825,0.651182891,0.5288692850000001,3.7664904999999997,3.746418,73.8042135,71.39699399999998,17,6.90533025,6.1035535,6.25490975,5.1015715,1.50490975,1.4082479999999995,3.3062185,2.9053299999999997,2.85451675,2.3007855,0.47951675,0.408248,0.1440845,0.102062,0.1440845,0.102062,0.0,0.0,0.0,0.0,0.0,0.0,0.0,0.0,20.5,20.0,0.9859371898,0.980416278,0.0,-0.1825,-0.325,0.24301599999999998,0.073424,1.0675,0.96,-14.172695999999998,-27.040000000000006,1.2641805677166666,22.0855845,16.735428,820.6229760877002,0.238246614,27.515488,26.383415000000007,0.58162,0.2626,45.02225,40.021,49.7845965,46.041865,3.25,3.0,0.1444228625,0.091966596,0.9502229892,0.9369498755,0.26912533920000004,0.1912630955,4.638742408500001,4.046963283,25.1881096432,19.804779311,27.356135094499997,20.555360564,1.25,0.5,0.8438769747,0.832430518,0.28054375,0.136525,0.87395075,0.7479015,0.4764898162,0.3920474165,10.5625,9.23,18.379708,14.45896,7.592085000000001,4.736863,0.774467,0.7241310000000001,0.28862725,0.175197,0.16737425000000006,0.1595515,0.71137275,0.5979424999999999,0.058159,0.0,19.80778,17.315104,1.6003739999999995,0.0,4.563639,4.390415,0.22553299999999998,0.175197
6462,isopropyl,amino,phenyl,alkylsilane,0.25,0.75,0.15137340933333335,21.945275,12.71155,0.2231217859,0.1959065288,3.861157625,3.680736,228.5091105,81.59140500000002,17,9.76105725,7.5580125,9.48020525,7.460410499999999,2.35520525,1.2104105,5.160229,3.645032,4.57551275,3.4010255,1.052602625,0.35520525000000003,0.546875,0.09375,0.546875,0.09375,0.25,0.0,0.25,0.0,0.125,0.0,0.125,0.0,26.5,17.0,0.8591562378,0.8466848634999999,0.0,-0.405,-0.7799999999999999,0.384281125,0.03013125,-9.0871155,-19.78,-38.7238005,-78.03,1.245549219733333,663.336087625,90.83475225,0.1432667591,0.005971222000000001,40.711067375,26.38602575,1.045885,0.09675,57.80075,31.5245,64.931905875,37.80121175,4.75,2.5,0.5000385396,0.49014814700000003,0.5957085504,0.509851853,0.1148919659,7.051000000000003e-06,45.5823881245,5.766839062000001,52.2138448314,15.597798364800001,96.3418165444,18.4558046208,0.875,0.75,1.0675383525,0.641616395,0.21993237500000004,0.158026,0.4658576250000001,0.15726600000000002,0.0939094368,0.0,9.7575,0.0,9.79746775,8.628866499999999,29.38075175,16.1340665,0.8907422500000001,0.7814844999999999,0.722533,0.649682,0.10925775,0.0,0.277467,0.204616,0.0,0.0,37.033325625,20.47314525,0.0,0.0,2.144893875,0.0,0.10925775,0.0
2053,fluorophenyl,fluorophenyl,perfluoromethyl,alkylsilane,0.5,0.5,0.1417793907,21.433000000000003,11.729,0.27743204450000003,0.190442224,3.850564,3.6807360000000013,223.6425535,67.509775,17,9.482051,7.0,8.0059285,5.133893,3.0059285,2.133893,4.962713,3.25,3.8779645,2.3169470000000003,1.3779645,0.8169470000000001,0.8433705,0.497759,0.8433705,0.497759,0.2972455,0.0,0.2972455,0.0,0.148623,0.0,0.148623,0.0,37.0,32.0,0.8990734185000001,0.8457559320000001,0.0,-0.53,-0.85,1.6829349999999998,1.312018,1.4416950000000002,1.148423,13.1657635,0.999577,1.03148776802,628.571741,21.306059,0.009410469,0.008005090999999999,44.8061925,31.815711,1.85136,1.5686,92.0455,81.016,97.0359315,84.01868499999998,6.5,5.0,0.4191655640000001,0.304806836,0.6254684825,0.555743801,0.241858819,6.777000000000001e-06,69.135262133,51.391033538,125.857715392,53.53447556799999,190.69533973,96.33023352200001,0.5,0.0,1.460550331,1.198852122,0.5076415,0.26526,0.390383,0.333333,0.398629744,0.0,0.0,0.0,16.276498999999998,15.412530999999998,27.073339500000003,13.171245000000004,0.8591900000000001,0.796241,0.5805985,0.4345270000000001,0.0389305,0.0,0.41940150000000004,0.27333,0.10187949999999996,0.0,38.0664815,24.135413,3.0881495,0.0,2.1952075,0.0,0.14081000000000002,0.077861
1054,cyano,ethylene,methoxy,alkylsilane,0.5,0.5,0.13591769075,13.255999999999998,12.933,0.655770623,0.5288692850000001,3.8612714999999995,3.746418,88.48148199999999,76.211433,17,7.0690054999999985,6.430904000000001,6.690927499999999,5.973607,1.4409275,1.4082479999999995,3.45723325,3.2073595000000004,3.07252575,2.7368035,0.44752575,0.408248,0.11023175,0.102062,0.11023175,0.102062,0.0,0.0,0.0,0.0,0.0,0.0,0.0,0.0,18.5,17.0,0.986310683,0.9804162780000002,0.0,-0.2125,-0.385,0.0875995,0.073424,0.7875000000000001,0.615,-16.1642345,-27.04000000000001,1.0296169950833334,29.2766475,27.435740999999997,820.6611115572998,0.238246614,27.55404025,26.4605195,0.5618449999999999,0.2626,38.526,37.031,43.78930725,41.5367495,3.0,3.0,0.142394818,0.08791050699999997,0.9377927992,0.9120894955,0.17349620420000006,4.8255e-06,2.8965598235,1.746156364,16.849761851700002,13.8947443925,18.098130652000002,15.64090074,1.25,0.5,0.7890603695,0.7456902209999999,0.19985375,0.136525,0.8552554999999998,0.710511,0.28046611050000003,5.000000000000001e-09,10.5625,9.23,17.46471325,12.6289705,8.54265525,4.736863,0.9124015,0.8248029999999998,0.32226350000000004,0.17519699999999996,0.08759849999999998,0.0,0.6777365,0.5306700000000001,0.0,0.0,23.638937,22.300456,0.0,0.0,2.3684315,0.0,0.08759849999999998,0.0
178,acetyl,isopropyl,toluene,alkylsilane,0.5,0.5,0.14772233356666667,27.17475,18.4335,0.415552464,0.35195035,4.37819625,3.785534,275.46989575,144.8229155,17,12.3763885,10.288675,11.977061999999998,9.954124,2.977062,1.954124,6.41955075,4.9523505,5.863530999999999,4.727062,1.363531,0.727062,0.8010309999999999,0.35206199999999993,0.8010309999999999,0.35206199999999993,0.3125,0.0,0.3125,0.0,0.15625,0.0,0.15625,0.0,33.5,25.0,0.9614410682,0.9498010640000002,0.0,-0.4725,-0.7799999999999999,0.50699025,0.17581049999999998,1.809143,1.7832859999999997,0.936632,0.835,1.1795831153999998,1930.48776725,187.8301595,0.0400163638,0.007890949000000001,51.09156149999999,37.972131,1.71612,1.1288,73.063,50.03799999999999,82.06915375,58.06005749999999,6.0,4.0,0.2685191045,0.22422914,0.7905466275,0.698798192,0.2745249878,0.13793908300000002,51.090670312200004,13.6023442725,125.16855931069999,52.4399844895,171.3243474703,59.4595746755,1.5,1.0,1.4746716538,1.1911472465,0.20667725,0.14965499999999998,0.3770095,0.141289,0.2421507118,0.062231918,4.2675,0.0,13.782638,13.707585,35.73716975,22.4739775,0.963126,0.926252,0.697634,0.613862,0.036874,0.0,0.30236599999999997,0.218594,0.0,0.0,48.32117350000001,33.9344,0.0,0.0,1.19863425,0.0,0.036874,0.0
7965,nitrophenyl,hydroxyl,toluene,alkylsilane,0.25,0.75,0.15259298766666668,25.740725,15.56545,0.36930685609999997,0.351941749,3.552580625,3.31962725,275.418449,144.720022,17,10.877397625,7.29069325,10.31105675,6.622113499999998,2.93605675,1.8721135,5.851886750000001,3.8170225,5.021983875,3.04396775,1.368890875,0.73778175,0.8100896250000001,0.37017925,0.8100896250000001,0.37017925,0.41179725,0.1985945,0.41179725,0.1985945,0.205898625,0.09929725,0.205898625,0.09929725,32.75,23.5,0.9531920966,0.9497975320000002,0.0,-0.5775,-0.7799999999999999,0.6813321250000001,0.52449425,-8.96594025,-19.7151665,-38.339264,-77.716792,1.3063543479666666,2202.007894875,730.8704147499999,0.45281139060000003,0.007892092,47.856024125,31.50105625,1.24281,0.18218,74.808,53.528,82.179915375,58.28158075000001,6.0,4.0,0.3010508053,0.2892845035,0.7047605528000002,0.6988056090000001,0.0688775162,2.3655e-06,60.2343466444,31.901379925700002,149.910675322,101.950428773,208.49958287310002,133.85180868129999,1.625,1.25,1.2602257565000001,0.762379427,0.31875237500000003,0.14965499999999998,0.49099325,0.141289,0.031160525499999998,0.0,12.97875,0.0,15.6081835,13.707585,30.742796375,12.48523075,0.8318415000000001,0.663683,0.5636709999999999,0.345936,0.12719412500000002,0.0,0.436329,0.218594,0.040964375,0.0,41.923263875,21.13858075,1.24762325,0.0,3.18009275,0.0,0.16815850000000002,0.0
619,amino,phenol,perfluoromethyl,alkylsilane,0.5,0.5,0.14260736403333335,16.6033,11.729,0.2180742998,0.190442224,3.81369975,3.6070075,145.745219,67.509775,17,8.1871395,7.0,7.030811999999999,5.133893,2.280812,2.133893,4.16420175,3.25,3.278575,2.3169470000000003,0.9529062500000002,0.816947,0.5499105,0.497759,0.5499105,0.497759,0.1505155,0.0,0.1505155,0.0,0.07525775,0.0,0.07525775,0.0,30.0,28.0,0.8628878185000001,0.845755932,0.0,-0.36000000000000004,-0.51,1.28947325,0.5250945,-5.774239499999998,-12.696902,-13.111760249999998,-51.55547049999999,1.1923920963166663,536.2371415,21.306059,0.09674555550000001,0.010815846999999998,36.1921355,31.815711000000004,1.1031799999999998,0.6377600000000001,72.0315,63.047,76.78427099999998,69.54985699999999,5.0,5.0,0.4906694368,0.4478145815,0.606172251,0.555743801,0.3038196078,0.1239283545,47.787420912799995,44.1838082875,76.30701879729999,53.53447556800001,119.32580326770001,96.33023352200001,0.75,0.0,1.141376476,1.08390083,0.556423,0.362823,0.572205,0.333333,0.4267901995,0.056320911,11.5625,0.0,14.498229,11.855990999999998,20.18296525,13.171245,0.79731875,0.7962409999999999,0.55720725,0.43452700000000005,0.09468225,0.0,0.44279275,0.3201125,0.107999,0.012239,28.5281135,24.135413,3.4459495,0.7155999999999999,2.70713125,0.0,0.20268125,0.20160350000000002
9054,phenyl,nitro,difluoromethyl,alkylsilane,0.25,0.75,0.14848770886666665,14.580774999999996,11.678000000000004,0.5867558911,0.5474318770000001,3.89195725,3.7635225,112.47284775,67.01955,17,7.2745190000000015,7.0,6.101855750000001,5.755928999999999,1.97685575,1.755929,3.56319425,3.25,2.816015125,2.627964,0.7535151250000002,0.6279640000000001,0.35162175,0.260411,0.35162175,0.260411,0.0625,0.0,0.0625,0.0,0.03125,0.0,0.03125,0.0,26.5,26.0,0.9738563985,0.964758781,0.0,-0.3925,-0.645,1.324341375,0.664075,1.655721125,1.4514422500000002,1.527799875,1.19559975,1.1134273959999998,171.540019625,21.306059,0.1251763225,0.08373838299999999,31.759763374999995,29.055146,0.844915,0.41843,63.27462499999999,62.018,67.40302025,66.02810699999999,4.375,4.0,0.1873521871,0.18371650400000009,0.8415800314,0.8090121297,0.1912971784,1.7628e-06,17.4543292556,10.449085568,51.4724816314,49.742266173000004,67.280900316,56.899530586000004,1.0,1.0,1.0899120721,1.060817187,0.433884,0.31420000000000003,0.45505975,0.4143165,0.392362561,0.0,16.1775,0.0,13.317304375,11.884531,16.937659875,15.632722,0.5789535,0.448262,0.5286535,0.489201,0.30472899999999997,0.29035500000000003,0.4713465,0.431894,0.116318,0.0,18.870932,12.334927,3.2007479999999995,0.0,8.18328425,7.5857385000000015,0.4210464999999999,0.29035500000000003
8824,phenyl,acetyl,cyano,alkylsilane,0.25,0.75,0.12007592293333336,15.674,11.287,0.7438578337999999,0.4877642475000001,3.886080625,3.5527339999999996,131.33520900000002,75.774438,17,7.315572499999999,5.207107,6.6267,4.447214,1.8767000000000005,1.447214,3.672771125,2.56066,3.0946,1.973607,0.7196000000000001,0.4736070000000001,0.304323,0.111803,0.304323,0.111803,0.0625,0.0,0.0625,0.0,0.03125,0.0,0.03125,0.0,21.5,16.0,0.978212605,0.95642521,0.0,-0.4762500000000001,-0.51,0.25973225,0.161141,1.071971125,0.49,-1.536342125,-4.470784,1.049124234266667,184.404504375,12.164797,1658.5195369854,0.0728306237,31.508035625,23.711684,0.7375550000000001,0.52988,49.036125,38.029,53.78679887500001,41.026549,3.875,3.0,0.1265278438,1.6193000000000002e-05,0.8966641572,0.7933445075000001,0.10999742,0.0,14.183552428199999,0.000185262,34.7350475738,11.421488754,47.6709152136,11.42167404,0.875,0.0,0.9325493118,0.650079559,0.319165625,0.295557,0.8803385,0.7606769999999999,0.13692431060000002,0.0,18.29625,12.8025,15.140376625,13.24736425,14.896246,5.261892,0.944689,0.8893780000000001,0.4308295,0.236009,0.055311,0.0,0.5691705,0.37435,0.0,0.0,28.23867125,22.295281,0.0,0.0,1.797951375,0.0,0.055311,0.0
7117,methyl,acetyl,ethylene,alkylsilane,0.25,0.75,0.11953837873333335,15.487125,15.103249999999996,0.4949576324,0.4253703268,4.351928625,4.30434125,117.072671875,108.41671975,17,7.91885675,7.654700999999998,7.590593000000001,7.5,1.590593,1.5,3.891292375,3.854059,3.5452965000000005,3.5,0.5452965,0.5,0.1859215,0.125,0.1859215,0.125,0.0,0.0,0.0,0.0,0.0,0.0,0.0,0.0,19.75,18.0,0.8976589178000001,0.8109860295,0.0,-0.25375000000000003,-0.26,0.108062375,0.042408999999999995,0.9962500000000002,0.7399999999999999,-2.426827,-6.106154,1.1770015828333331,51.540840875,50.070311,0.1916765945,0.147789318,30.3191095,29.209355,0.9476625,0.7030249999999999,40.53125,36.033,46.545043125,42.04695,3.25,3.0,0.2728983514,0.17624165500000002,0.8673960390000001,0.8237584720000001,0.1664686822,1.8922000000000006e-05,5.659205294,3.499244941,26.512246241400003,16.361156508,30.531062546199998,19.860399025,1.375,1.0,0.9107701372,0.8413722130000001,0.28787125,0.23080799999999999,0.63369125,0.421022,0.2565232987,3.16e-07,6.40125,0.0,10.393268375,8.224552000000001,18.367344875,17.29968675,0.944689,0.8893780000000001,0.642844375,0.58303775,0.055311,0.0,0.35715562500000003,0.297349,0.0,0.0,26.962661875,26.26576875,0.0,0.0,1.797951375,0.0,0.055311,0.0
2573,isopropyl,phenol,ethylene,alkylsilane,0.5,0.5,0.12477321355,21.27445,15.871,0.470576614,0.375760179,4.503644,4.399516,202.8553295,125.728624,17,9.9951525,7.654700999999998,9.727062,7.5,2.227062,1.5,5.16788725,3.854059,4.653093,3.5,0.9260309999999999,0.5,0.4572810000000001,0.125,0.4572810000000001,0.125,0.1505155,0.0,0.1505155,0.0,0.07525775,0.0,0.07525775,0.0,26.0,18.0,0.970452306,0.956494436,0.0,-0.375,-0.49,0.313708,0.042408999999999995,1.281549,0.74,-2.82081225,-6.106154,1.281464250575,624.36785375,50.070311,0.1324117625,0.028657171,40.05487625,29.209355,1.4368799999999995,1.1923,55.0465,36.033,62.55741625,42.04695,4.5,3.0,0.23338637,0.175804638,0.8055488215000001,0.7869022760000001,0.1617561182,9.651e-06,27.8668096425,3.492125607,71.5473465087,16.377051061,96.63365531049999,19.869176611,1.0,1.0,1.1687853305,0.8415587529999999,0.24388325,0.23080799999999999,0.44578175,0.421022,0.12526924420000002,1e-08,5.0575,0.0,11.733178,8.224552000000001,26.75336675,19.435003,0.97203675,0.9440735,0.69425925,0.6858675,0.02184375,0.0,0.30574075,0.297349,0.0061195,0.0,36.85154275,27.659555,0.3578,0.0,1.277202,0.0,0.02796325,0.0
3107,nitrophenyl,phenyl,methoxy,alkylsilane,0.5,0.5,0.14906106907500005,23.7196,12.933,0.4412754988000001,0.3536817125,3.73665275,3.7268875,248.70521575,76.211433,17,10.229942,7.7071070000000015,9.5200515,7.408247999999999,2.7700515,1.408248,5.4189375,3.707107,4.60131275,3.4082480000000004,1.22631275,0.408248,0.67121025,0.102062,0.67121025,0.102062,0.3235945,0.0,0.3235945,0.0,0.16179725,0.0,0.16179725,0.0,32.0,20.0,0.9509517175,0.9214871570000001,0.0,-0.56,-1.08,0.745514,0.073424,1.44627575,0.96,-13.06119225,-27.04,1.6600889492,1044.42404325,27.435741,0.122131766,0.0060169180000000004,45.15383625,28.647561,1.10586,0.2626,73.55025,40.021,80.298502,46.041865,5.75,3.0,0.280341801,0.196879129,0.7998458150000001,0.636195527,0.17349780120000002,8.0195e-06,54.8165918415,4.046963283,133.1377224888,19.804779311,186.30612329599998,20.555360564,1.75,1.5,1.3082509185,0.832430518,0.2021995,0.136525,0.6300140000000001,0.26002800000000004,0.280466108,0.0,15.4,9.23,21.96445625,21.6284565,21.6789155,4.736863,0.8533565000000001,0.8248030000000001,0.41578575,0.175197,0.125392,0.075587,0.58421425,0.34362550000000003,0.0212515,0.0,37.32451425,22.300456,1.4218465,0.0,4.897011,4.736863,0.14664349999999998,0.11809000000000001
9166,pyrrole,acetyl,cyano,alkylsilane,0.25,0.75,0.1060884661,14.9678375,11.287,0.7439097078,0.4878679955,3.8595526250000014,3.5527339999999996,123.173431125,75.774438,17,7.118403625,5.207107,6.43260175,4.447214,1.80760175,1.447214,3.55893575,2.56066,2.9876533749999994,1.973607,0.68175175,0.4736070000000001,0.28209975,0.111803,0.28209975,0.111803,0.0505635,0.0,0.0505635,0.0,0.024869375000000003,0.0,0.024869375000000003,0.0,21.0,16.0,0.9785818384999999,0.957163677,1.0,-0.4687500000000001,-0.51,0.234263625,0.161141,0.987599875,0.49,-1.5724715,-4.470784,1.3519665408000001,96.506038375,12.164797,1658.5200118086002,0.0737802702,30.490816500000005,23.711684,0.6535675,0.52988,47.78425000000001,38.029,52.411205,41.026549,3.75,3.0,0.12586558960000002,1.6193000000000002e-05,0.8973264114,0.7946690156999999,0.1099972735,0.0,10.1011096711,0.000185262,30.63568613,11.421488754,39.4891110177,11.42167404,0.875,0.0,0.905028113,0.650079559,0.342905125,0.295557,0.9566155,0.913231,0.13692431060000002,0.0,20.27,16.75,16.457520125,15.88165125,12.557033,5.261892,0.930990875,0.86198175,0.39722375,0.236009,0.069009125,0.0,0.60277625,0.4415615,0.0,0.0,26.594476375,22.295281,0.0,0.0,2.42007675,0.0,0.069009125,0.0
2066,fluorophenyl,hydroxyl,methoxy,alkylsilane,0.5,0.5,0.15193784859166667,16.28645,12.933,0.4461555052,0.3634417255,3.5855155,3.424613,142.37529175,76.211433,17,8.14635575,7.7071070000000015,7.650677000000001,7.408247999999999,1.900677,1.4082479999999995,4.162575,3.707107,3.5919625,3.4082480000000004,0.7399005,0.408248,0.3482765,0.102062,0.3482765,0.102062,0.14862275,0.0,0.14862275,0.0,0.0743115,0.0,0.0743115,0.0,24.0,20.0,0.9661565278,0.9518967775,1.0,-0.2425,-0.445,0.3648165,0.073424,-5.84625825,-12.652516499999999,-39.28010575,-51.5202115,1.6828225383166666,325.7184255,27.435740999999997,0.4188271435,0.238246614,33.58295825,28.647561,0.566955,0.2626,52.78175,40.021,58.54078075,46.041865,4.0,3.0,0.251468426,0.196879129,0.82871919,0.693942277,0.17349548570000006,3.3885000000000007e-06,23.8895874848,4.046963283,59.7772502272,19.804779311,82.0186466918,20.555360564,1.5,1.0,0.9280392722,0.832430518,0.26571725,0.136525,0.86185825,0.7237165,0.280466108,0.0,9.6725,9.23,18.14871775,13.996979500000002,13.889492,4.736863,0.80051225,0.7762215,0.34146425,0.175197,0.17926199999999998,0.175197,0.65853575,0.4922685000000001,0.02022575,0.0,26.9371725,22.300456,0.3578,0.0,4.74323725,4.736863,0.19948775,0.175197
5066,difluoromethyl,acetyl,fluorophenyl,alkylsilane,0.25,0.75,0.13348734426666667,23.161375000000003,15.18575,0.4632801295,0.3645223030000001,3.992538625,3.680736,244.78474775000004,109.7941635,17,10.07355725,8.1830125,9.124066125,7.37016825,2.874066125,1.87016825,5.301975875,3.92852575,4.437033,3.435084,1.312033,0.6850839999999999,0.750463875,0.31194575,0.750463875,0.31194575,0.2972455,0.0,0.2972455,0.0,0.148623,0.0,0.148623,0.0,33.25,24.5,0.968336424,0.9524160370000002,0.0,-0.56625,-0.85,0.82587625,0.3397345,1.7262335,1.7175,1.3585385,0.999577,1.7293046755666666,644.424396875,53.01137075,0.0501398475,0.008007281,45.30291025,32.809146500000004,1.4492225,0.7643249999999999,78.80175,54.5285,85.04580175,60.0384255,6.0,4.0,0.2405784654,0.1764315838,0.7898465902000001,0.6952746529999999,0.1578239079,6.59e-06,48.248597993900006,9.6297066898,123.25380780309999,48.276700112200004,169.8432433444,54.5880819167,1.375,1.0,1.4146107013999998,1.1068582837999998,0.35345987500000003,0.26526,0.6463721250000001,0.44743299999999997,0.2350149509,0.0,6.40125,0.0,14.444755375,13.47697975,29.378677625000005,17.78192125,0.83679125,0.7514435,0.64775025,0.5688305,0.134129375,0.077861,0.3522497500000001,0.27333,0.0290795,0.0,37.932483375,23.86741675,0.8001869999999999,0.0,5.090762625,4.390415,0.16320875,0.077861
5699,ethylene,phenyl,nitrophenyl,alkylsilane,0.25,0.75,0.12728810850000002,32.5927,27.352,0.3927320069,0.3288890168,3.816735,3.773039,389.9867245,313.002268,17,12.214101875000004,10.88675175,11.131855,10.5,3.881855,3.0,6.778097125,5.97008425,5.5131275,5.1875,1.8881275000000002,1.4375,1.1309835,0.7812500000000001,1.1309835,0.7812500000000001,0.584689,0.375,0.584689,0.375,0.2923445,0.1875,0.2923445,0.1875,41.75,31.5,0.9355762292,0.8998036604999999,0.0,-1.015,-1.38,1.33060125,0.5644255,1.824330375,1.3893267499999995,0.081546375,-1.08973925,1.7100011453,1913.1914565,939.395645,0.034714055099999995,0.006058726,58.43176725,48.57942050000001,1.8487800000000003,1.79434,101.074,72.066,108.30318275,79.5586875,8.0,6.0,0.3246468685,0.237622213,0.6753531474000001,0.5883285078,9.7404e-06,9.462e-06,95.3890497332,64.9232641255,237.2767272843,70.7127076005,332.6657766701,135.6359711072,1.5,1.0,1.7023472284,1.3304382857,0.27697175,0.1762215,0.29299749999999997,0.223205,3.95e-08,0.0,21.570000000000004,0.0,21.285766875,10.28068975,35.72191375,34.614499,0.8819100000000001,0.7638199999999999,0.6447828750000001,0.517365,0.075587,0.0,0.355217125,0.22779925,0.04250299999999999,0.0,49.106828625,47.11001825,2.843693,0.0,5.057159,0.0,0.11809000000000001,0.0
8516,phenol,amino,toluene,alkylsilane,0.25,0.75,0.1410200066,25.85525,15.7945,0.2701265279,0.1883113068,3.679818125,3.5741022500000006,272.4512835,138.78569099999999,17,11.09495825,7.725814500000001,10.71873625,7.437472500000001,2.8437362500000005,1.6874725,5.948820375,4.01088975,5.21455925,3.4291185,1.328118125,0.65623625,0.7755154999999999,0.301031,0.7755154999999999,0.301031,0.38775775,0.1505155,0.38775775,0.1505155,0.193878875,0.07525775,0.193878875,0.07525775,31.5,21.0,0.8970183698,0.8442392074999999,0.0,-0.5275000000000001,-0.7799999999999999,0.550402375,0.26263475000000003,-9.0425825,-19.868451,-38.379735625,-77.79773525,1.5459069858,2103.636285,534.127195,0.13909881710000002,0.007892092,47.55266275,30.8943335,1.204885,0.10633,70.31025,44.5325,78.187139,50.296028,5.75,3.5,0.41543172759999997,0.31281710700000004,0.6677754204,0.6367452318,0.13219270360000002,0.12663274030000002,55.7695058379,22.9716983128,124.13789716309999,50.40487245520001,177.87802245830002,72.6086878515,1.625,1.25,1.2589035991,0.7597351122,0.24922600000000003,0.14965499999999998,0.5095930000000001,0.141289,0.06789358100000001,0.062321050999999995,12.28625,0.0,11.55178025,9.3959755,34.472738375,19.94511475,0.8767606250000001,0.75352125,0.7223478750000001,0.66328975,0.120179625,0.0,0.277652125,0.218594,0.00305975,0.0,43.06212374999999,23.416300499999995,0.17889999999999998,0.0,2.783494875,0.0,0.123239375,0.0
627,amino,phenyl,cyano,alkylsilane,0.5,0.5,0.12422803846666668,15.966100000000004,11.287,0.5954375375000001,0.190924202,3.58185025,3.5527339999999996,145.14160275,75.774438,17,7.1139164999999975,5.207107,6.585410499999999,4.447214,1.8354105,1.447214,3.6850305,2.56066,3.078812,1.973607,0.73020525,0.47360699999999994,0.3059015,0.111803,0.3059015,0.111803,0.125,0.0,0.125,0.0,0.0625,0.0,0.0625,0.0,20.5,16.0,0.9200231762000001,0.8400463525,1.0,-0.46,-0.51,0.265222,0.161141,-6.11355775,-12.7171155,-28.09979225,-51.7288005,1.5070767072083333,319.31329575,12.164797,1641.0567110815,0.18163551600000002,30.919896,23.711684,0.65742,0.52988,46.53825,38.029,51.28947425,41.026549,3.75,3.0,0.2695881475,1.6376e-05,0.7814778722,0.5629721205,0.03242873,0.0,21.7892803965,0.00018712099999999997,28.362805793699998,11.412437724,50.002582511499995,11.412624869000002,0.5,0.0,0.8072302813000001,0.649821689,0.27097775,0.2463985,0.77549575,0.5509915,0.0225810927,0.0,18.4,13.01,12.99220175,8.951014500000003,16.46169125,5.261892,0.9271615,0.8543229999999999,0.4785235,0.236009,0.0728385,0.0,0.5214765,0.278962,0.0,0.0,28.02396375,22.295281,0.0,0.0,1.42992925,0.0,0.0728385,0.0
9713,toluene,methoxy,toluene,alkylsilane,0.25,0.75,0.14929447846666669,27.297375,18.67875,0.4181586910000001,0.351941749,3.7708655000000006,3.7561970000000002,282.402334875,158.68779375,17,11.930228875000005,9.39635575,11.528093,9.056186,3.028093,2.056186,6.319384500000001,4.752018,5.653093000000001,4.306186,1.403093,0.806186,0.81952325,0.3890464999999999,0.81952325,0.3890464999999999,0.390625,0.15625,0.390625,0.15625,0.1953125,0.078125,0.1953125,0.078125,33.75,25.5,0.9612657651,0.9497975320000002,0.0,-0.5025000000000001,-0.7799999999999999,0.55139025,0.2646105,1.47455375,1.1658215,-9.491085,-20.020434,1.4698588213333337,2306.00426225,938.8631495,0.09415104619999999,0.007892092,50.874705375,37.53841875,1.538125,0.7728100000000001,75.062875,54.03775,83.564605625,61.05096125,6.125,4.25,0.2694083062,0.2259995055,0.7980150604,0.6988056090000001,0.2161171809,0.137752667,56.874122433500006,25.180931504,131.09772397950002,64.324526088,184.67807318169997,86.20878929850002,2.0,2.0,1.4110152699,1.0639584537,0.14473125,0.1398075,0.4633056250000001,0.141289,0.24947048559999999,0.062321050999999995,3.46125,0.0,16.929911625,13.707585,32.401549875,15.80273775,0.934301125,0.86860225,0.554077625,0.32674925,0.065698875,0.0,0.445922375,0.218594,0.0,0.0,47.55513787499999,32.40232875,0.0,0.0,1.776323625,0.0,0.065698875,0.0
1923,ethylene,nitro,methoxy,alkylsilane,0.5,0.5,0.14187564123333335,13.663850000000002,12.933,0.5936238365000001,0.5288692850000001,3.9208675,3.746418,90.89435299999998,76.211433,17,7.28656625,6.8660255,6.7700515,6.131854999999999,1.5200515,1.4082479999999995,3.55291225,3.3987175000000005,3.10131275,2.7943775,0.47631275,0.408248,0.14655849999999998,0.102062,0.14655849999999998,0.102062,0.0,0.0,0.0,0.0,0.0,0.0,0.0,0.0,20.5,20.0,0.9852608078,0.9804162780000002,0.0,-0.235,-0.43,0.64731425,0.073424,1.015,0.96,-14.696538499999996,-27.04000000000001,1.4858804117833335,30.50698975,27.435740999999997,0.233229319,0.22821202399999999,28.52790375,28.408246500000004,0.4026,0.2626,43.52275,40.021,48.7867645,46.041865,3.25,3.0,0.165205644,0.133532159,0.9149819732,0.8664678435000001,0.17349620420000006,4.8255e-06,3.9333157675,3.819668252,24.331676302199998,19.804779311,26.616801035800005,20.555360564,1.5,1.0,0.8751888011999999,0.8324305180000001,0.217529,0.136525,0.7302554999999998,0.4605110000000001,0.28046611050000003,5.000000000000001e-09,15.4,9.23,17.2092195,12.117983,9.75576175,4.736863,0.8156165,0.8064300000000001,0.3600462500000001,0.17519699999999996,0.18438349999999995,0.17519699999999996,0.63995375,0.4551045,0.0,0.0,22.06797025,21.8354845,0.0,0.0,4.897011,4.736863,0.18438349999999995,0.17519699999999996
7699,nitro,nitrophenyl,toluene,alkylsilane,0.25,0.75,0.13328942566666668,33.760325,31.604650000000003,0.4411024391,0.351941749,3.781546375,3.77755875,388.850871125,371.58486625,17,13.06976425,11.6754265,12.006855,10.01371,4.006855000000002,4.0,7.156088749999999,6.4254265,5.9506275,4.901255,1.9506275000000002,1.901255,1.212407625,1.17481525,1.212407625,1.17481525,0.61039175,0.5957835,0.61039175,0.5957835,0.305195875,0.29789175,0.305195875,0.29789175,43.5,42.0,0.9636298782,0.9497975320000002,0.0,-0.9825,-1.185,1.505376375,0.8381700000000002,1.91389325,1.7832859999999997,1.163944,1.038264,1.5649923655666669,2921.32868375,2169.5119925,0.033738311,0.007892092,61.16293099999999,58.11487,1.85204,1.40064,104.07675,96.088,112.0590515,106.07824999999998,8.25,8.0,0.2569253556,0.20103360420000002,0.7488860023999999,0.6988056090000001,0.0688798818,7.0965e-06,91.99756804209999,88.567313363,255.54161175939998,197.87092187099998,345.8937406914,283.147357065,1.875,1.75,1.7811557538,1.758072086,0.2622555,0.14965499999999998,0.26919075,0.141289,0.031160525499999998,0.0,21.570000000000004,0.0,20.96428575,13.707585,38.744907875,28.48945375,0.8630400000000001,0.7260800000000001,0.633107375,0.48480875,0.10508275,0.0,0.366892625,0.218594,0.03187725,0.0,52.519264875,42.33058275,2.13276975,0.0,5.057159,0.0,0.13696,0.0
224,acetyl,nitro,fluorophenyl,alkylsilane,0.5,0.5,0.11861673395000005,22.88685,14.6367,0.5117231932,0.364421865,3.88789525,3.680736,242.2572385,104.739145,17,9.645726,7.32735,8.6069715,6.335979,2.8569715,1.835979,5.11223225,3.5490385,4.16771075,2.8964395,1.29271075,0.6464395000000001,0.7410494999999999,0.293117,0.7410494999999999,0.293117,0.2972455,0.0,0.2972455,0.0,0.148623,0.0,0.148623,0.0,33.0,24.0,0.971313952,0.952390905,0.0,-0.6575000000000001,-0.85,1.31391425,1.312018,1.6349835,1.535,1.2672885,0.999577,1.5948824449833332,638.085205,40.332987,0.08282099300000001,0.008005090999999999,44.3152415,30.833809,1.1891100000000001,0.2441,79.0495,55.024,84.79114975,59.5291215,6.0,4.0,0.21874583800000005,0.13268484,0.7967226959999999,0.6951931640000001,0.07334472,6.777000000000001e-06,46.8176662913,6.755841854500001,121.37456572049999,44.568176225,167.3598608147,49.6592756915,1.25,1.0,1.3902963662,1.0583441925,0.32528375,0.26526,0.5891700000000001,0.44743299999999997,0.0913448762,0.0,15.0525,0.0,15.211068,15.009605,27.64087675,14.3063195,0.8274104999999999,0.7326819999999999,0.6023879999999999,0.478106,0.17258949999999998,0.077861,0.397612,0.27333,0.0,0.0,36.9295235,21.861497,0.0,0.0,5.92242125,4.390415,0.17258949999999998,0.077861
8134,nitrophenyl,toluene,phenyl,alkylsilane,0.25,0.75,0.13599194306666668,33.787175,31.179,0.31421855200000004,0.25033704300000004,3.731573125,3.680736,398.378634125,375.426816,17,13.09877075,11.964102000000002,12.47046375,11.5,3.84546375,3.5,7.243508375,6.675425999999999,6.229844375,5.75,1.917344375,1.75,1.153839625,1.0,1.153839625,1.0,0.58367225,0.5,0.58367225,0.5,0.291836125,0.25,0.291836125,0.25,40.25,36.0,0.9134064803,0.871627612,0.0,-0.855,-0.93,0.945626375,0.7384310000000001,1.7540334999999996,1.6057689999999998,0.8371524999999999,0.582399,1.4822081970333336,2356.221635625,1235.837423,0.0067024863,0.005971222000000001,60.13269075,55.036109,2.0992025,1.99502,94.33175,84.07700000000001,102.9416035,92.06260000000002,7.75,7.0,0.3920832653,0.29401838350000004,0.6122752532,0.509851853,0.051661958400000006,7.051000000000003e-06,91.6435655223,85.39793718699998,169.0966347216,88.82989129799999,259.5061209125,174.22782846799996,1.5,1.0,1.6652892086000002,1.4934603100000003,0.18234887500000005,0.158026,0.17696512500000006,0.15726600000000002,0.0233703941,0.0,5.392500000000001,0.0,14.659734375,10.966069,44.015666625,42.627437,0.9704775,0.9409549999999999,0.7553898750000001,0.71539575,0.01889675,0.0,0.244610125,0.204616,0.010625749999999998,0.0,56.700188,53.59350600000001,0.71092325,0.0,1.26428975,0.0,0.029522500000000004,0.0
9256,pyrrole,cyclopropyl,pyrrole,alkylsilane,0.25,0.75,0.13524247209999998,22.8553125,20.180925,0.1971850974,0.1436181598,3.326845625,3.18517925,267.92836125,225.7241295,17,10.241719375,10.09668775,9.96700875,9.947214,2.59200875,2.2368035,5.477964375,5.19118575,4.934016875,4.8944269999999985,1.27950875,1.1118035,0.7482587500000001,0.6743035000000001,0.7482587500000001,0.6743035000000001,0.34656750000000003,0.288627,0.34656750000000003,0.288627,0.136065625,0.07317625,0.136065625,0.07317625,29.0,26.0,0.8404307801,0.8062800802000001,0.0,-0.45,-0.7200000000000001,0.38973175,0.2447815,0.665082625,0.3993662500000001,0.1833525,0.073341,1.3706251564333334,428.327836375,324.00597775,0.015777002000000002,0.009769808,43.58697625,40.275596500000006,1.3580625,1.32312,64.30525,54.5485,71.684630625,62.31141225,5.25,4.5,0.5360324937000001,0.4848501140000001,0.5610082336000001,0.515149886,0.23425328410000001,5.879e-06,42.2315424246,31.7246897192,44.53239686909999,33.0297939902,82.90281320609999,57.032231511199996,1.0,1.0,1.1833032818,1.0933158435,0.2716055,0.195269,0.5925448750000001,0.41760775,0.2828605545,0.0,9.86875,3.9475,17.551786125,13.60035525,24.505470625,23.913732999999997,0.931509375,0.890415,0.59129075,0.5265380000000001,0.068490625,0.02739625,0.40870925,0.3439565,0.0,0.0,38.946629875,37.45331275,0.0,0.0,3.110626875,1.24425075,0.068490625,0.02739625
987,carboxyl,toluene,fluorophenyl,alkylsilane,0.5,0.5,0.12631798018333334,27.87495,24.6129,0.4309340868,0.364421865,3.742596,3.680736,315.0922995,250.409267,17,11.29419075,10.6242795,10.39310625,9.9082485,3.39310625,2.9082485,6.17974575,5.6840655,5.11111525,4.7832485,1.634053,1.329124,0.97885525,0.7687284999999999,0.97885525,0.7687284999999999,0.4534955,0.3125,0.4534955,0.3125,0.226748,0.15625,0.226748,0.15625,37.5,33.0,0.9612475718000001,0.952390905,0.0,-0.7525000000000001,-0.85,0.9763700000000001,0.640722,1.680805,1.6266430000000005,1.1268545,0.999577,2.01179286945,1545.11689925,1235.837423,0.0375259028,0.008005090999999999,52.39271025,46.98874650000001,1.6656450000000005,1.19717,89.5645,76.054,96.55143375,83.0496895,7.0,6.0,0.2650702697,0.2253337035,0.7428452195,0.6951931640000001,0.07426186180000001,6.777000000000001e-06,67.3391246495,47.798758571,159.802471141,121.42398706600001,226.0647370618,167.0690281855,1.25,1.0,1.565012166,1.4077757919999998,0.27208075,0.26526,0.422958,0.398483,0.035202145500000004,0.0,9.325,0.0,15.724329999999998,15.412531,35.21364375,29.4518535,0.80803575,0.6939325,0.64627075,0.5658715,0.12651475,0.077861,0.35372925,0.27333,0.0654495,0.0,44.41680375,36.8360575,1.85012625,0.0,4.67104375,4.390415,0.19196425,0.077861
1458,cyclopropyl,nitrophenyl,hydroxyl,alkylsilane,0.5,0.5,0.1533158775,18.12925,8.1428,0.3224060758,0.2823505655,3.3001885000000004,3.1684900000000003,184.7912735,37.302969,17,8.4889165,5.207107,7.8950515,4.908248,2.1450515,0.9082479999999999,4.4268575,2.56066,3.76587475,2.112372,0.93675075,0.204124,0.52642925,0.0,0.52642925,0.0,0.2610945,0.0,0.2610945,0.0,0.10710975,0.0,0.10710975,0.0,26.0,14.0,0.9143950225,0.8773873950000001,1.0,-0.365,-0.6900000000000001,0.56143125,0.0004,-12.899611,-27.04,-51.706792,-104.04,1.819503591825,791.4437335,12.164797,0.6033680379999999,0.015925821,36.2080495,19.240037,0.6341300000000001,-0.3915,58.5365,28.01,64.290677,32.026215,4.5,2.0,0.36837392,0.30730861,0.6964608592,0.69269139,0.1565191142,0.0,37.9118605557,0.5849326450000001,108.0358737807,1.3184870709999998,143.3673091215,1.903419701,1.25,1.0,0.9395790522,0.325047513,0.3928045,0.26105,0.66594325,0.3318865,0.189037892,0.0,20.9,20.23,17.104942,12.581428,17.58095375,5.108808,0.756107,0.630304,0.44854075,0.28879299999999997,0.18219000000000002,0.075587,0.55145925,0.3917115,0.061702999999999994,0.042503,27.46546575,11.150228,2.1374465,1.4312,5.0829835,5.057159,0.243893,0.11809000000000001
7993,nitrophenyl,methoxy,hydroxyl,alkylsilane,0.25,0.75,0.1557726716,13.65045,8.1428,0.43695244850000003,0.3633709520000001,3.4607816250000005,3.1684900000000003,105.6021695,37.302969,17,7.186400125,5.207107,6.70268075,4.908248,1.57768075,0.9082479999999999,3.618758875,2.56066,3.064123375,2.112372,0.547499375,0.204124,0.223362875,0.0,0.223362875,0.0,0.09929725,0.0,0.09929725,0.0,0.049648625,0.0,0.049648625,0.0,21.0,14.0,0.9648938819,0.951665949,1.25,-0.2075,-0.375,0.289831125,0.0004,-12.87758325,-27.04000000000001,-62.003396,-104.04,1.9665149442666667,377.244209875,12.164797,0.6874531679999999,0.179951659,28.898368125,19.240037,0.14062750000000002,-0.3915,45.273125,28.01,50.409766625,32.026215,3.375,2.0,0.2568530245,0.207200782,0.8033061445999999,0.6934947330000001,0.1300229467,0.0,17.5431867262,0.583561454,58.5686525351,1.320322708,74.8748648773,1.903884164,1.5,1.0,0.7340458270000001,0.325087179,0.360691625,0.19682425,0.92034875,0.8406975,0.2105198288,0.0,18.96875,17.7075,18.6897405,12.581428,8.657540000000001,5.108808,0.719930625,0.630304,0.274766,0.260739,0.228992125,0.16919125000000002,0.7252339999999999,0.7112069999999999,0.05107725,0.0212515,20.325739875,11.150228,1.42652325,1.4218465,5.595017375,5.108808,0.280069375,0.19044275
9830,toluene,pyrrole,carboxyl,alkylsilane,0.25,0.75,0.1259955562,20.7180375,13.3098,0.4591915402,0.27604946350000004,3.68557275,3.5477675000000004,214.415160875,94.701658,17,9.095272875,6.7844570000000015,8.38845375,5.816497000000001,2.51345375,1.816497,4.8883125,3.48138,3.993658625,2.566497,1.12182925,0.6582479999999999,0.6083087500000001,0.287457,0.6083087500000001,0.287457,0.22981550000000003,0.0,0.22981550000000003,0.0,0.113670625,0.0,0.113670625,0.0,29.25,24.0,0.9418787595,0.8933854929999999,2.0,-0.6325000000000001,-0.735,0.526914,0.443274,1.306960375,1.14392075,0.9747945,0.479589,1.882974360333333,676.7104955,35.647376,0.0676316825,0.009300379000000001,40.496508,29.766501,0.8295500000000001,0.09090000000000002,67.79425,56.02,73.667039125,60.021129,5.25,4.0,0.2899853396,0.138128817,0.7215324934000001,0.5610638167,0.0967765085,0.034442576,34.3622808726,7.028937057,68.2050778134,44.916175348,101.64420622849998,50.921527015,1.125,1.0,1.2257887852,1.0570915090000002,0.35325912499999995,0.29837025,0.6333053750000001,0.61093375,0.047221671900000005,0.0155802628,24.57125000000001,11.8425,18.959491,18.364673,20.044367625,9.903345,0.652838125,0.387865,0.470296,0.35033699999999995,0.21626287500000005,0.08218875,0.529704,0.40974499999999997,0.130899,0.0,28.4855575,10.964168,3.7002525,0.0,6.818048625,3.73275225,0.347161875,0.08218875
7587,nitro,fluorophenyl,amino,alkylsilane,0.25,0.75,0.15117584816666665,18.346875,10.1114,0.29623225540000003,0.13124090200000002,3.62476425,3.541197,179.88934925,53.59071899999999,17,8.284882000000001,6.07735,7.6483072499999984,5.947214,2.14830725,0.9472139999999999,4.34289475,2.943376,3.609729625,2.618034,0.912516125,0.22360700000000006,0.478007,0.0,0.478007,0.0,0.222934125,0.0,0.222934125,0.0,0.11146725,0.0,0.11146725,0.0,25.75,14.0,0.8858920839000001,0.808521514,1.0,-0.41375,-0.7875000000000001,0.79209425,0.000175,-12.694387375,-27.04000000000001,-51.470158625,-104.04,1.8722230895666667,474.117887375,17.086166,0.2093873486,0.0610459462,35.7346985,21.220107,0.5743575,-0.4251,58.91412499999999,26.018,64.4180885,31.042199,4.5,2.0,0.4197245349,0.25136095480000004,0.6827163446000001,0.616793644,0.06494824020000001,4.9425000000000005e-06,33.955841510999996,1.724369833,80.4067438501,1.808559658,114.06277979049999,2.933318359,1.0,1.0,0.9880105192,0.435701406,0.31264025,0.2905095,0.7026458750000001,0.46057475,0.0452963635,0.0,18.4025,10.785000000000002,11.249105875,6.935959999999999,22.9778495,12.695544,0.7767326250000001,0.708646,0.64423975,0.6417875,0.223267375,0.15518075,0.3557602500000001,0.353308,0.0,0.0,28.4564015,13.911787,0.0,0.0,5.770553875,5.719717,0.223267375,0.15518075
92,acetyl,difluoromethyl,hydroxyl,alkylsilane,0.5,0.5,0.1513208811,11.07965,8.1428,0.4596626522,0.362461586,3.68909075,3.1684900000000003,66.419464,37.302969,17,6.497891,5.207107,5.87016825,4.908248,1.37016825,0.9082479999999999,3.13150525,2.56066,2.639208,2.112372,0.435084,0.204124,0.14738375,0.0,0.14738375,0.0,0.0,0.0,0.0,0.0,0.0,0.0,0.0,0.0,19.5,14.0,0.9675987505,0.95140265,1.0,-0.1375,-0.235,0.224124,0.0004,-12.6375,-27.04,-51.1375,-104.04,1.7639802088499998,27.30386525,12.164797,0.6400652705000001,0.089320286,25.398925,19.240037,0.270925,-0.3915,42.5175,28.01,47.0306005,32.026215,3.0,2.0,0.243161009,0.179013408,0.7867657607999999,0.69269139,0.1689728792,0.0,5.2487985123000005,0.5849326450000001,25.040918323299998,1.3184870709999998,28.634819690500002,1.903419701,1.25,1.0,0.7083182922,0.325047513,0.50176075,0.4789625,0.86440425,0.7288085,0.2873685845,0.0,14.3825,8.535,12.76379575,12.581428,11.08716475,5.108808,0.6403435000000001,0.630304,0.428691,0.28879299999999997,0.26104625,0.2332995,0.5713090000000001,0.431411,0.0986105,0.080903,15.58674075,11.150228,2.315974,1.4312,5.94824575,5.108808,0.3596565,0.349617
8387,perfluoromethyl,nitrophenyl,cyano,alkylsilane,0.25,0.75,0.11013399289999999,21.29715,11.287,0.6949914958,0.3900315715,3.693805625,3.5527339999999996,221.44013375,75.774438,17,8.556598,5.207107,7.276734875,4.447214,2.7767348750000003,1.447214,4.53137125,2.56066,3.465955,1.973607,1.215955,0.4736070000000001,0.6733902500000001,0.111803,0.6733902500000001,0.111803,0.29789175,0.0,0.29789175,0.0,0.148945875,0.0,0.148945875,0.0,31.5,16.0,0.9699604889,0.9399209778000001,0.0,-0.7987500000000001,-1.0875,1.123593375,0.161141,1.235803125,0.49,1.40091375,-4.470784,2.0322640974,1091.365881375,12.164797,1658.4867450724005,0.0072467978,41.439348625,23.711684,1.1747225000000001,0.52988,77.92225,38.029,82.408489375,41.026549,5.875,3.0,0.1558302725,1.6193000000000002e-05,0.8553345876000001,0.7106853682000001,0.060472742,0.0,53.6207956229,0.000185262,163.84022953139998,11.421488754,216.38616041950002,11.42167404,0.75,0.0,1.2527329682,0.650079559,0.383177125,0.295557,0.677712875,0.35542575,0.09969855850000002,0.0,28.0725,23.79000000000001,22.768319375,17.033389,17.25778875,5.261892,0.885962625,0.7719252500000001,0.36633225,0.236009,0.05669025000000001,0.0,0.63366775,0.5033445,0.05734712500000001,0.0,33.32843175,22.295281,2.904807125,0.0,3.79286925,0.0,0.114037375,0.0
4187,carboxyl,isopropyl,carboxyl,alkylsilane,0.25,0.75,0.11936236356666667,16.010625,13.3098,0.547672289,0.4530109610000001,4.4681335,3.823378,121.286084875,94.701658,17,8.740285625,6.7844570000000015,8.135310625,5.816497000000001,1.885310625,1.816497,4.3321125,3.48138,3.760310625,2.566497,0.6926549999999999,0.6582479999999999,0.320285625,0.287457,0.320285625,0.287457,0.0,0.0,0.0,0.0,0.0,0.0,0.0,0.0,24.75,24.0,0.9794231081999999,0.9684741904999999,3.0,-0.33125000000000004,-0.53,0.32204625000000003,0.20081849999999998,1.6687500000000002,1.47,0.91875,0.3675,1.9460042315,139.309801625,35.647376,0.0971254658,0.0682879455,34.310481375,29.766501,0.6801749999999999,0.09090000000000002,53.029,50.03799999999999,59.292549375,58.56396974999999,4.0,4.0,0.18962477960000002,0.138128817,0.8797057534,0.8774103368,0.2979813665,0.15911044100000002,11.1034281915,7.028937057,49.434677524399994,44.916175348,56.209678161599996,50.921527015,0.625,0.25,1.1329427039,1.0570915090000002,0.30123325,0.1943185,0.5086653750000001,0.3616537500000001,0.22910091800000001,0.078863081,23.3125,9.325,16.618265375,14.871857749999998,16.108203375,9.903345,0.617415625,0.387865,0.465955125,0.35033699999999995,0.218960625,0.08758424999999999,0.5340448750000001,0.41842675,0.16362375,0.0654495,21.9115625,10.964168,4.625315625,1.85012625,6.189590625,2.47583625,0.382584375,0.15303375
1045,cyano,ethylene,amino,alkylsilane,0.5,0.5,0.13102570095833332,11.8452,10.1114,0.457094097,0.131516233,3.758661,3.541197,77.171125,53.59071899999999,17,6.254127,6.07735,5.9604105,5.947214,1.2104105,0.9472139999999999,3.07536775,2.943376,2.67741875,2.618034,0.35520525000000003,0.22360700000000006,0.05920075,0.0,0.05920075,0.0,0.0,0.0,0.0,0.0,0.0,0.0,0.0,0.0,15.5,14.0,0.9003721360000001,0.808539184,1.0,-0.2125,-0.385,0.050975,0.000175,-13.2125,-27.040000000000006,-54.6642345,-104.04,2.131173146616667,24.10186,17.086166,820.7206400738,0.3573036470000001,23.84031325,21.220107,0.217995,-0.4251,31.5245,26.018,36.28947425,31.042199,2.5,2.0,0.33797587300000004,0.08791050699999997,0.7641561678000001,0.61622284,0.0648564112,4.8255e-06,1.735500658,1.7248449520000002,7.8511482937,1.807552195,9.2876415595,2.934382379,0.75,0.5,0.5907047945,0.4357193680000001,0.29897675,0.2631825,0.827614,0.710511,0.045162188000000006,5e-09,18.9575,11.895,9.78246525,6.935960000000001,12.52199575,12.3484475,0.8543229999999999,0.708646,0.5580109999999999,0.46933,0.145677,0.0,0.441989,0.353308,0.0,0.0,19.4446025,13.911787,0.0,0.0,2.8598585,0.0,0.145677,0.0
2051,fluorophenyl,fluorophenyl,nitro,alkylsilane,0.5,0.5,0.11598887792000001,22.0277,12.9184,0.5578927960000001,0.364421865,3.735927,3.6807360000000013,232.600627,85.425922,17,9.020726,6.07735,7.820836999999999,4.76371,2.820837,1.76371,4.809401,2.9433759999999998,3.7638685,2.088755,1.2638684999999998,0.588755,0.723046,0.25711,0.723046,0.25711,0.2972455,0.0,0.2972455,0.0,0.148623,0.0,0.148623,0.0,33.0,24.0,0.974095702,0.952390905,0.0,-0.725,-0.85,1.856009,1.312018,1.5674834999999998,1.4,1.1997885,0.999577,1.7475703466599999,626.4617945,17.086166,0.1141313925,0.008005090999999999,42.701906,27.607138,1.01351,-0.1071,80.5455,58.01600000000001,85.534778,61.01637800000001,6.0,4.0,0.19803325800000002,0.09125968,0.8019667420000001,0.6951931640000001,3.3885000000000007e-06,0.0,45.5133508125,4.147210897,119.760525371,41.340095526,165.273876171,45.487306403999995,1.0,1.0,1.358291978,0.994335416,0.315759,0.26526,0.4737165,0.447433,0.0,0.0,21.57,0.0,15.711972499999998,15.412530999999998,25.544876,10.114318,0.7674995,0.6128600000000001,0.556905,0.38714,0.2325005,0.077861,0.4430949999999999,0.27333,0.0,0.0,34.004482,16.011414000000002,0.0,0.0,7.252366499999999,4.390415,0.2325005,0.077861
3647,acetyl,phenyl,nitrophenyl,alkylsilane,0.25,0.75,0.12516701193333335,32.6532,27.473000000000006,0.3930272208,0.3294794445,3.816669375,3.773039,389.7771925,312.583204,17,12.329433,11.117414000000002,11.182886000000002,10.602062,3.932886,3.102062,6.815677375,6.0452447499999975,5.538643,5.238531,1.913643,1.488531,1.156499,0.8322809999999999,1.156499,0.8322809999999999,0.584689,0.375,0.584689,0.375,0.2923445,0.1875,0.2923445,0.1875,42.5,33.0,0.935621138,0.8998934780000001,0.0,-1.02375,-1.38,1.35425275,0.6117285,1.9405803750000004,1.6218267499999997,1.053565625,0.8542992500000001,2.3551004579666666,1914.8801436250005,942.77301925,0.0171582076,0.006058726,59.038157875,49.79220175,1.7741549999999997,1.6450900000000004,103.073875,76.06575,110.302547125,83.55741625,8.125,6.25,0.3243670712,0.237622213,0.6833635956999999,0.6043494045000001,0.036672888,9.462e-06,96.12121666520001,66.3875979895,241.2051049822,78.5694629965,336.9104266704,144.1252711077,1.625,1.25,1.7374513662000002,1.4006465614999997,0.298665375,0.21960875,0.3605965,0.358403,0.045641436900000006,0.0,23.70375,4.2675,22.008672375,11.72650075,35.604828499999996,34.614499,0.8634729999999999,0.7638199999999999,0.6280855,0.517365,0.094024,0.036874,0.3719145,0.261194,0.04250299999999999,0.0,49.11333175000001,47.12302450000001,2.843693,0.0,5.656476125,1.19863425,0.13652699999999998,0.036874
1056,cyano,ethylene,nitro,alkylsilane,0.5,0.5,0.12058958373333335,13.2487,12.9184,0.7670178440000001,0.7513637270000001,3.8836215,3.791118,93.0887265,85.425922,17,6.254127,6.07735,5.3686585,4.76371,1.6186584999999998,1.473607,3.07536775,2.943376,2.41277925,2.088755,0.53777925,0.4868035,0.18775575,0.1184015,0.18775575,0.1184015,0.0,0.0,0.0,0.0,0.0,0.0,0.0,0.0,20.5,17.0,0.9940027935,0.992205088,0.0,-0.4925,-0.6000000000000001,1.2508875,0.101775,1.0075,0.615,-1.9442345,-5.288469,1.8201251180166669,24.10186,17.086166,820.6521170973,0.22025769399999998,27.03382875,26.4605195,0.37699499999999997,-0.1071,47.52349999999999,37.031,51.27656375,41.5367495,3.5,3.0,0.08958509349999999,0.08791050699999997,0.9104149078,0.90874032,2.4128e-06,0.0,2.9466836304999995,1.746156364,27.617419959299998,13.8947443925,30.564103572000004,15.64090074,0.75,0.5,0.8700128184999999,0.7456902209999999,0.31472025,0.2631825,0.6052555000000001,0.5,2.5000000000000005e-09,0.0,27.5175,11.895,14.32019225,12.6289705,11.23138275,10.114318,0.8064300000000001,0.6128600000000001,0.428235,0.38714,0.19357,0.0,0.571765,0.5306700000000001,0.0,0.0,20.494416,16.011414000000002,0.0,0.0,5.057159,0.0,0.19357,0.0
5113,difluoromethyl,carboxyl,phenyl,alkylsilane,0.25,0.75,0.12459295323333335,22.040425,12.90185,0.4344726125,0.25033704300000004,3.77668375,3.680736,231.6039735,87.781131,17,9.401222375,6.83834275,8.650677499999999,5.801355,2.6506775,1.8013549999999998,5.0494805,3.4235349999999998,4.165931875,2.58186375,1.2003385,0.6506770000000001,0.64034775,0.2806955,0.64034775,0.2806955,0.25,0.0,0.25,0.0,0.125,0.0,0.125,0.0,30.25,24.5,0.9300725678,0.871627612,0.0,-0.6062500000000001,-0.7799999999999999,0.6184526250000001,0.49847425,1.5866345,1.5675,1.0749495,0.582399,1.8506172568666663,633.949734875,32.06204675,0.0606890286,0.005971222000000001,42.312385625,29.58866225,1.1905225,0.386025,70.79825,57.5195,76.79273675,61.5228735,5.5,4.0,0.31983694290000003,0.1495257387,0.6949448569,0.509851853,0.1074940151,7.051000000000003e-06,46.6409556859,7.8839741848,67.4762946761,46.1226980543,113.32192818790001,52.416027907700006,1.0,1.0,1.2757416193,1.0580229285,0.3012645,0.158026,0.38648725,0.15726600000000002,0.1276642956,0.0,13.987500000000002,0.0,13.85535325,10.966069,26.981563125,11.33568925,0.7014821250000001,0.40296425,0.6000816250000001,0.40477925,0.17126425,0.0,0.3999183750000001,0.204616,0.12725375,0.0,32.450181875,11.30685775,3.575376375,0.0,4.811358125,0.0,0.29851787500000004,0.0
664,amino,toluene,carboxyl,alkylsilane,0.5,0.5,0.14237524812500002,18.16175,13.3098,0.4423377792,0.2417332915,3.74337175,3.6633655,162.27772775,94.701658,17,8.5275915,6.7844570000000015,7.8950520000000015,5.816497,2.145052,1.816497,4.44822175,3.48138,3.687757,2.566497,0.88502575,0.6582479999999999,0.4562285,0.287457,0.4562285,0.287457,0.15625,0.0,0.15625,0.0,0.078125,0.0,0.078125,0.0,26.0,24.0,0.9347887685,0.879170124,3.0,-0.47,-0.53,0.43122325,0.4191725000000001,-5.5791785,-12.628357,-25.015434,-51.500868,4.24868249675,940.38157325,35.647376,0.154399889,0.12620248,36.24102525,29.766501,0.515035,0.0909,58.5365,56.02,64.29067675,60.021129,4.5,4.0,0.29414174600000004,0.137858338,0.7698534370000001,0.657510516,0.146459175,0.13382354,26.085220721,7.01852079,72.4015915817,44.95084,97.00534371399999,50.948936106000005,1.25,1.0,1.0771566188,1.057355523,0.3251805,0.242213,0.5993400000000001,0.543003,0.07742740420000001,0.0762781445,25.155,13.01,14.34322275,10.3217725,20.375649,9.903345,0.6210939999999999,0.387865,0.532193,0.350337,0.248007,0.145677,0.467807,0.285951,0.130899,0.0,24.6370175,10.964168,3.7002525,0.0,6.38160175,2.8598585,0.378906,0.145677
7126,methyl,acetyl,phenol,alkylsilane,0.25,0.75,0.12964809200000002,23.973525,15.103249999999996,0.3924464239,0.35952252100000004,3.988579625,3.672818,251.393663375,108.41671975,17,10.42711025,8.1830125,9.794717,7.681186,2.794717,1.6811859999999996,5.570978375,3.92852575,4.7264824999999995,3.590593,1.2723585,0.5905929999999999,0.7254834999999998,0.246843,0.7254834999999998,0.246843,0.301031,0.0,0.301031,0.0,0.1505155,0.0,0.1505155,0.0,31.75,21.5,0.8811891588000001,0.8109860295,1.0,-0.61375,-0.98,0.6118648750000001,0.17371575000000006,1.4493479999999999,1.2525,1.0907795,0.929059,2.8955804664333336,1069.130826375,53.01137075,0.077912617,0.008035916,45.67293850000001,31.428864,1.2018225,0.7030249999999999,72.55275,45.02950000000001,79.550325625,51.04313625,5.75,3.5,0.3387380479,0.30792104800000003,0.8038168004999999,0.696599995,0.2248873948,0.116856347,47.2664246995,7.819165647,116.4285734109,36.6633359747,161.4182611983,41.2017260675,1.875,1.75,1.3560021463,0.9801680615,0.36790475,0.3449345,0.76189875,0.677437,0.2675662722,0.022086263,16.51625,12.8025,14.669003375,12.56198475,29.496756875,17.29968675,0.8887625,0.8881469999999999,0.648060375,0.58303775,0.0989985,0.087375,0.35193962500000003,0.28691700000000003,0.012239,0.0,39.097804875,26.26576875,0.7155999999999999,0.0,4.352355375,3.59590275,0.1112375,0.110622
4787,cyclopropyl,cyano,nitrophenyl,alkylsilane,0.25,0.75,0.11756455556666667,25.449075000000004,13.064749999999998,0.6167576395000001,0.456574997,3.605136625,3.43723425,286.599501625,106.22782225,17,9.973391125,6.405330250000001,8.79956025,5.835410499999999,3.1745602500000003,1.5854105,5.3783025,3.1704950000000003,4.284480125,2.73020525,1.471980125,0.60520525,0.8604096250000001,0.24010225,0.8604096250000001,0.24010225,0.428439,0.0625,0.428439,0.0625,0.20250075,0.0078125,0.20250075,0.0078125,35.0,18.0,0.9586135174,0.9458782368,0.0,-0.8812500000000001,-1.38,1.127334875,0.15789275,1.3411947500000003,0.4230555,-1.0501280000000002,-3.353088,2.434630862166667,1479.8626918750006,72.73811575,1243.8685942421,0.006058726,47.79243975,27.300765500000004,1.3273525,0.7514850000000001,85.307375,40.53275,90.916619875,44.78556175,6.625,3.25,0.1964842364,0.1553462598,0.8358626727999999,0.762377787,0.0780879342,9.462e-06,66.0175022999,6.1801692587,209.37360577560003,14.9064645832,274.1040660125,18.512549792,1.125,0.25,1.4100734474,0.7458907238,0.31774212500000004,0.25776225,0.594017875,0.3627900000000001,0.0942868515,0.0,30.49125,17.8425,23.903701375,15.51655875,22.4669215,10.319344,0.8819100000000001,0.7638199999999999,0.4345873750000001,0.35180975,0.075587,0.0,0.565412625,0.482635,0.04250299999999999,0.0,38.469770875,25.83590275,2.843693,0.0,5.057159,0.0,0.11809000000000001,0.0
4316,carboxyl,phenol,pyrrole,alkylsilane,0.25,0.75,0.11727890083333332,26.745,25.5297,0.340488665,0.25075203500000004,3.589485,3.4685120000000005,314.792981375,310.1325930000001,17,10.793135625,10.386751,10.166262125,9.947214,3.166262125,2.947214,6.022580625,5.764743,4.966415125,4.8944269999999985,1.5386844999999998,1.447214,0.898585625,0.8222140000000001,0.898585625,0.8222140000000001,0.42802725,0.404508,0.42802725,0.404508,0.212364125,0.198955,0.212364125,0.198955,34.75,32.0,0.9178593512000001,0.8745814800000001,1.25,-0.7937500000000001,-0.8675,0.7165054999999999,0.534682,1.266473,0.9307989999999999,0.678829125,0.293364,3.312210518833333,1052.74962525,532.6496950000002,0.0236437458,0.009769808,49.6388705,46.898356,1.310655,1.29819,81.562,74.062,88.55313374999999,81.057849,6.5,6.0,0.3751615521,0.26547299020000004,0.6290500874,0.515149886,0.06371287469999999,5.879e-06,59.7654461041,52.73839513,107.2047008601,56.034999748000004,166.3649369508,108.773394901,1.375,1.0,1.4182203853,1.27329072,0.371567625,0.34794200000000003,0.7197394999999999,0.6719969999999998,0.0181402337,0.0,20.14375,15.79,19.338200875,17.17318475,28.82996975,23.913732999999997,0.8267457500000001,0.7630764999999999,0.57446725,0.5265380000000001,0.13135025,0.109585,0.4255327500000001,0.3776035,0.041904,0.0,41.064184875,40.439947,1.461763125,0.0,5.642222625,4.977003,0.17325424999999994,0.109585
4409,cyano,amino,phenol,alkylsilane,0.25,0.75,0.1266929585,21.62455,10.4053,0.3539705263000001,0.34841853149999996,3.608449625,3.54408125,226.753627875,59.13664875,17,9.265498625,5.859789250000001,8.740231,5.572214,2.490231,1.072214,5.030564,2.847697,4.159649625,2.45692725,1.1201155,0.286107,0.616037375,0.02795075,0.616037375,0.02795075,0.301031,0.0,0.301031,0.0,0.1505155,0.0,0.1505155,0.0,28.25,14.5,0.9038917118,0.8563911355,2.0,-0.5687500000000001,-0.98,0.54521525,0.0404165,-9.255652,-20.1575,-39.1093185,-79.147696,6.355737116300001,1050.553052875,15.85582375,414.758946658,0.008035916,40.880007125,21.84300125,0.7571325,-0.186355,64.548375,29.020750000000003,70.79790075,33.5382865,5.125,2.25,0.3744955912,0.30792104800000003,0.7045955898999999,0.696599995,0.1071375002,0.0974186535,44.003503721099996,1.2933236902,100.20280138950001,4.211791932,143.3451018041,5.0554072792,1.375,0.75,1.1105660876,0.4892959442,0.35792125,0.3249675,0.8179873750000001,0.677437,0.04501540410000001,0.022086263,22.84625,20.23,13.118169625,9.46031725,26.265479,10.837131,0.8348157500000001,0.7814844999999999,0.628552125,0.54402125,0.15294525,0.087375,0.371447875,0.28691700000000003,0.012239,0.0,33.96875075,16.0076605,0.7155999999999999,0.0,4.699297875,4.28978775,0.16518425,0.111853
8872,phenyl,carboxyl,nitrophenyl,alkylsilane,0.25,0.75,0.14255083993333334,27.80525,17.7771,0.5004547352000001,0.456574997,3.78037825,3.773039,315.92706425,164.8829475,17,10.810410125,8.07936825,9.500541375,7.23737275,3.500541375,2.23737275,5.9330007500000015,4.2798915,4.600563875,3.36237275,1.6349705000000003,0.931186,0.973154875,0.4655927500000001,0.973154875,0.4655927500000001,0.459689,0.125,0.459689,0.125,0.2298445,0.0625,0.2298445,0.0625,39.5,27.0,0.9660173602,0.9606859225,2.0,-0.98625,-1.38,1.306920125,0.51706325,1.881638125,1.5039422500000004,1.250465875,1.24809975,2.7381177599666664,1611.341077875,335.69488775,0.0510118855,0.006058726,52.1840085,36.083903,1.235075,0.56693,96.558125,63.03425000000001,102.539587375,68.03149675,7.375,4.75,0.2318779312,0.2261336495,0.7756708139,0.762377787,0.0596720278,9.462e-06,76.2380112152,26.621187089499998,229.86767565169998,55.8946043355,305.72184230560003,81.7481023782,1.5,1.0,1.6202199401,1.1661837093,0.3616697500000001,0.3456175,0.446932125,0.3627900000000001,0.0295736554,0.0,35.5575,27.975000000000005,24.402933,16.515022000000002,26.349433500000004,18.084368,0.6523593750000001,0.54089875,0.489481875,0.46159875,0.2069633750000001,0.151174,0.510518125,0.482635,0.14067725,0.08500599999999997,36.36257075,21.6215025,5.618882375000001,5.55037875,8.770913375,7.42750875,0.3476406250000001,0.2361800000000001
3246,phenol,phenyl,nitrophenyl,alkylsilane,0.5,0.5,0.12202530015000003,34.9224,32.0114,0.38107279920000003,0.3051143445,3.724908000000001,3.676777,425.93494625,384.8987115000001,17,12.929553500000004,12.317655,11.733917,11.704124,4.233917,3.704124,7.26526925,6.944428500000001,5.822470499999999,5.806186,2.0954085,1.852062,1.2913895,1.102062,1.2913895,1.102062,0.6727044999999999,0.5510309999999999,0.6727044999999999,0.5510309999999999,0.33635225,0.2755155,0.33635225,0.2755155,45.5,39.0,0.9414738332,0.9115268735,2.0,-1.13,-1.38,1.4954997499999998,0.8942225,1.94265825,1.6259825,1.0042805,0.755729,2.927241538883333,2273.76556025,1660.5438525,0.0065367920000000005,0.0060664510000000005,62.8803375,57.476561,1.87552,1.84782,111.07925,92.0765,118.55386775,100.0600575,8.75,7.5,0.3181318043,0.237330347,0.6830098172,0.6033499815000001,0.0295434668,9.116e-06,105.88893770770001,86.0373370075,273.353859748,142.585183695,378.9213024578,227.97953078849997,1.75,1.5,1.8437022973,1.6128203354999997,0.32608625,0.2744505,0.39007075,0.3627900000000001,0.0055793628,0.0,26.6275,10.115,23.08094475,13.8710455,38.3875655,34.614499,0.85394675,0.7638199999999999,0.63579925,0.517365,0.09743075,0.0436875,0.36420075,0.2457665,0.04862249999999999,0.012239,51.93265625,51.10363900000001,3.2014930000000006,0.7155999999999999,6.334361,2.554404,0.14605325,0.0559265
8665,phenol,isopropyl,phenol,alkylsilane,0.25,0.75,0.12820358466666668,28.219375,23.59495,0.370915354,0.35952252100000004,4.3740335,3.672818,308.579178,222.787749,17,12.419505,12.167802,11.942655,11.908248,3.192655,2.477062,6.664644374999999,6.11585775,5.8202324999999995,5.778093000000001,1.5025775,1.051031,0.8932025,0.5822809999999999,0.8932025,0.5822809999999999,0.37628875,0.1505155,0.37628875,0.1505155,0.188144375,0.07525775,0.188144375,0.07525775,36.0,30.0,0.9550607720000001,0.951392288,2.0,-0.6125,-0.98,0.70125875,0.3525034999999999,1.7788724999999996,1.646196,0.580661875,0.23226475,2.7647818897666667,1420.311617875,755.37295375,0.023421047,0.008035916,53.154551375,46.39208975,1.68625,1.67188,80.564,61.052,89.315290625,70.57306625,6.5,5.0,0.295744924,0.2835688,0.7638300189999999,0.696599995,0.2715725577,0.116856347,60.9063948759,35.0991059998,143.9831997112,91.7725885755,200.4054714829,119.1761466368,1.25,0.5,1.5546581550999998,1.3774800792000004,0.29043762500000003,0.19000025,0.522265375,0.36709375,0.1936154068,0.022086263,12.643750000000002,5.0575,15.625358499999999,14.474695000000002,35.977254625,30.26068225,0.930091875,0.8881469999999999,0.6926713750000001,0.6722597499999999,0.054609375,0.02184375000000001,0.307328625,0.28691700000000003,0.01529875,0.0061195,47.51510812500001,43.10037524999999,0.8945000000000002,0.35779999999999995,3.193005,1.277202,0.069908125,0.02796325
3801,amino,ethylene,phenol,alkylsilane,0.25,0.75,0.11273803323333335,23.63745,14.4311,0.4078707250000001,0.35952252100000004,3.928877125,3.672818,251.032377375,107.69414775,17,9.965785625,7.26036325,9.51002575,7.1118035000000015,2.63502575,1.3618035,5.419909625,3.62638825,4.57094025,3.2795085,1.192512875,0.43090175,0.648937,0.09375,0.648937,0.09375,0.301031,0.0,0.301031,0.0,0.1505155,0.0,0.1505155,0.0,29.5,17.0,0.9458857605,0.9403792329999999,2.0,-0.5925,-0.98,0.54093225,0.0318505,-2.279402,-6.205000000000001,-14.83027825,-30.589615500000004,2.8324731195,1063.537278375,41.82427475,0.1370705035,0.008035916,43.564528,27.212043000000005,1.244285,0.78795,66.802625,33.52925,73.676638625,39.29576225,5.375,2.75,0.29356215900000004,0.27920327,0.73430863,0.696599995,0.0746717115,0.032487076000000004,44.88460495799999,3.055526164,104.45840907120001,12.723007295500002,148.6317125938,15.628628858499999,1.5,1.0,1.2358953711,0.7399545112,0.323836875,0.25679875,0.614691375,0.55194575,0.0223673409,0.022086263,13.3675,6.505,12.339213,7.902404,29.721982625,17.75013825,0.90765425,0.8881469999999999,0.7008721250000001,0.68866125,0.08010675,0.0728385,0.29912787500000004,0.28691700000000003,0.012239,0.0,38.076227,24.222613,0.7155999999999999,0.0,3.2693686250000003,1.42992925,0.09234575,0.0728385
2261,fluorophenyl,toluene,phenol,alkylsilane,0.5,0.5,0.12984211671666668,33.18515,32.8438,0.3590413128,0.3581861075,3.7029765,3.672818,393.6583555,392.946104,17,12.942655,12.671208,12.173615,11.908248,3.923615,3.908248,7.24725975,7.213431,6.0409315,5.862372,1.9618075,1.954124,1.2118075,1.204124,1.2118075,1.204124,0.60590375,0.602062,0.60590375,0.602062,0.302952,0.301031,0.302952,0.301031,42.0,42.0,0.9512981051999999,0.9510959845,0.0,-0.8975000000000001,-0.98,1.062554,1.050014,1.70266125,1.646196,0.97398975,0.929059,2.480685958775,2269.8708405,2085.250282,0.007997450500000001,0.00794802,60.460423,59.917013,1.9597,1.70062,99.82875,99.5815,108.0616145,108.057515,8.0,8.0,0.30819793830000003,0.307587924,0.69698712,0.6969785620000001,0.093560821,0.06897293,87.1860075815,86.64277162299999,197.19530826599998,196.351571858,282.9165733747,281.708363648,1.75,1.5,1.7361522963,1.732082292,0.29916625,0.2074575,0.485899,0.29436100000000004,0.026716705,0.022317451000000002,10.115,0.0,15.66804,14.560057999999998,43.3408625,41.693827,0.92460825,0.8881469999999999,0.7335605,0.713083,0.06315275000000001,0.0389305,0.2664395,0.245962,0.012239,0.0,54.64129475,51.929841,0.7156,0.0,3.652007750000001,2.1952075,0.07539175000000001,0.0389305
8848,phenyl,amino,hydroxyl,alkylsilane,0.25,0.75,0.16865644693333334,11.76055,8.1428,0.26219294460000003,0.1610149372,3.3722858750000007,3.1684900000000003,85.676356125,37.302969,17,6.378072499999999,5.207107,6.12182925,4.908248,1.24682925,0.9082479999999999,3.21852425,2.56066,2.75669875,2.112372,0.404664625,0.204124,0.125,0.0,0.125,0.0,0.0625,0.0,0.0625,0.0,0.03125,0.0,0.03125,0.0,16.75,14.0,0.8879819938,0.8242980384999999,2.0,-0.1325,-0.225,0.0925695,0.0004,-23.459278875,-27.04000000000001,-90.962200125,-104.04,3.0940540875666667,166.969388625,12.164797,0.7323720229,0.2697893688,24.45707225,19.240037,-0.10578499999999998,-0.3915,34.271375,28.01,39.161757125,32.026215,2.625,2.0,0.435054195,0.306505267,0.6417764646,0.5900581962,0.048710208100000006,0.0,11.6131615628,0.583561454,12.442107638,1.320322708,23.830415025100002,1.903884164,1.0,1.0,0.5126141555,0.325087179,0.4075718750000001,0.29058475,0.8739271250000001,0.74785425,0.0339722726,0.0,19.8725,19.515,10.262457625,7.94348725,12.643662625,5.108808,0.7058942500000001,0.630304,0.486329,0.28879299999999997,0.25365425,0.21851550000000006,0.513671,0.316135,0.0404515,0.0,17.491222375,11.150228,0.7155999999999999,0.0,4.699297875,4.28978775,0.29410575,0.21851550000000006
3053,nitro,toluene,phenol,alkylsilane,0.5,0.5,0.13297566925,28.6305,24.4172,0.4557767782,0.35989651799999994,3.730572,3.672818,320.071003,245.77139900000003,17,11.470967,10.270726,10.6450515,9.381855,3.3950515,2.881855,6.31424725,5.4150635000000005,5.20337475,4.5443775,1.62425075,1.2943775,0.9788395,0.753555,0.9788395,0.753555,0.4572810000000001,0.3125,0.4572810000000001,0.3125,0.2286405,0.15625,0.2286405,0.15625,37.5,33.0,0.9621505038,0.951500226,1.0,-0.835,-0.98,1.3345495000000005,1.050014,1.6189194999999998,1.591643,1.0740955,0.929059,3.0251192294833333,1965.18302625,1845.1157704999998,0.0610606012,0.008046881,52.91303900000001,45.90906500000001,1.3993950000000002,1.09817,88.56400000000002,77.05199999999998,95.8024145,83.547314,7.0,6.0,0.2548111493,0.20203437450000009,0.750373909,0.6969785620000001,0.0935591268,0.06896954150000001,66.5029376238,46.36310362449999,157.9850933435,119.618614829,223.0232884913,164.3382133345,1.75,1.5,1.5541740153,1.3762657385,0.32441575,0.25795650000000003,0.49904075,0.3206445,0.026716705,0.022317451000000002,20.9,20.23,15.81776075,14.8594995,35.62558350000001,29.557340000000003,0.8472885,0.8064300000000001,0.648678,0.5842729999999999,0.1404725,0.087375,0.35132199999999997,0.28691700000000003,0.012239,0.0,45.64476075000001,39.3596805,0.7155999999999999,0.0,5.0829835,5.057159,0.1527115,0.111853
887,carboxyl,nitrophenyl,carboxyl,alkylsilane,0.5,0.5,0.13530570775,19.4407,13.3098,0.5964645138,0.5499867605000001,3.81079325,3.7982085,187.76903875,94.701658,17,8.47370575,6.7844570000000015,7.30330025,5.816497,2.55330025,1.816497,4.5075625,3.48138,3.3845615,2.566497,1.07837475,0.6582479999999999,0.5857720000000001,0.287457,0.5857720000000001,0.287457,0.1985945,0.0,0.1985945,0.0,0.09929725,0.0,0.09929725,0.0,31.0,24.0,0.985660758,0.980914103,4.0,-0.7425,-0.955,0.85664975,0.443274,1.6673334999999998,1.47,1.415708,1.361416,4.439262942525,748.482349,35.647376,0.0961684728,0.0661344655,39.39590425,29.766501,0.54398,0.0909,74.5355,56.02,79.27776625,60.021129,5.5,4.0,0.1627263402,0.137858338,0.8523146818,0.8224330055,0.1193233865,0.079551963,36.699025194499995,7.01852079,134.7437639503,44.95084,170.67747061129998,50.948936106000005,1.25,1.0,1.311662707,1.057355523,0.4005415,0.392935,0.58245525,0.5092335,0.058932498000000014,0.039288332,38.76,37.3,21.84621575,18.364673,16.0811335,9.903345,0.48185375,0.387865,0.392094,0.350337,0.30054625,0.25075549999999996,0.6079060000000001,0.566149,0.2176,0.173402,20.99903575,10.964168,6.97222525,6.5439455,9.95608825,9.903345,0.51814625,0.42415749999999997
